start_station_name,start_lat,start_lng,count_s21
1 Ave & E 110 St,40.792327,-73.9383,2035
1 Ave & E 16 St,40.732218,-73.981655,7126
1 Ave & E 16 St,40.732219,-73.981656,40
1 Ave & E 18 St,40.733812,-73.980544,6006
1 Ave & E 30 St,40.741443,-73.97536,5023
1 Ave & E 30 St,40.741444,-73.975361,33
1 Ave & E 39 St,40.74714,-73.97113,7136
1 Ave & E 44 St,40.750019,-73.969053,2810
1 Ave & E 44 St,40.75002,-73.969053,42
1 Ave & E 6 St,40.72633,-73.986168,5686
1 Ave & E 6 St,40.726331,-73.986169,54
1 Ave & E 62 St,40.761227,-73.96094,6648
1 Ave & E 68 St,40.765005,-73.958185,37
1 Ave & E 68 St,40.765005,-73.958184,11103
1 Ave & E 78 St,40.771404,-73.953517,48
1 Ave & E 78 St,40.771404,-73.953516,7021
1 Ave & E 94 St,40.781721,-73.94594,2622
1 Pl & Clinton St,40.680959,-73.999057,1316
1 St & 6 Ave,40.672784,-73.979826,780
10 Ave & W 14 St,40.741981,-74.008315,7026
10 Ave & W 14 St,40.741982,-74.008316,371
10 Ave & W 202 St,40.861281,-73.921417,132
10 Ave & W 202 St,40.861282,-73.921418,8
10 Ave & W 204 St,40.862638,-73.92006,102
10 Ave & W 207 St,40.864632,-73.918598,299
10 Ave & W 215 St,40.869324,-73.915197,144
10 Ave & W 215 St,40.869325,-73.915198,4
10 Ave & W 28 St,40.750663,-74.001768,7034
10 Ave & W 28 St,40.750664,-74.001768,89
10 St & 2 Ave,40.671907,-73.993612,641
10 St & 5 Ave,40.668627,-73.987001,17
10 St & 5 Ave,40.668627,-73.987,1155
10 St & 7 Ave,40.666207,-73.981998,1745
10 St & 7 Ave,40.666208,-73.981999,20
11 Ave & Prospect Ave,40.65629,-73.977335,617
11 Ave & W 27 St,40.751396,-74.005226,5533
11 Ave & W 41 St,40.7603,-73.998842,8124
11 Ave & W 41 St,40.760301,-73.998842,82
11 Ave & W 59 St,40.771496,-73.99046,4823
11 Ave & W 59 St,40.771497,-73.99046,66
11 St & 43 Ave,40.751907,-73.947912,4
11 St & 43 Ave,40.751907,-73.947911,446
12 Ave & 36 St,40.643546,-73.986418,373
12 Ave & W 125 St,40.818299,-73.960405,3058
12 Ave & W 40 St,40.760875,-74.002777,282
12 Ave & W 40 St,40.760875,-74.002776,9768
12 St & 4 Ave,40.668603,-73.990439,756
14 St & 5 Ave,40.666287,-73.988951,17
14 St & 5 Ave,40.666287,-73.98895,1341
14 St & 7 Ave,40.663779,-73.983968,1668
16th St & 4th Ave,40.666197,-73.992466,412
17 St & 5 Ave,40.663493,-73.991007,1099
18 St & 27 Ave,40.772768,-73.927436,562
19 St & 24 Ave,40.777455,-73.92254,967
19 St & 8 Ave,40.658489,-73.985543,129
2 Av & 37 St,40.656326,-74.009627,123
2 Ave & 32 St,40.659176,-74.006584,200
2 Ave & 36 St,40.657088,-74.008702,501
2 Ave & 36 St,40.657089,-74.008702,8
2 Ave & E 104 St,40.78921,-73.943707,1603
2 Ave & E 104 St,40.789211,-73.943708,15
2 Ave & E 122 St,40.800672,-73.9349,905
2 Ave & E 125 St,40.802554,-73.933509,930
2 Ave & E 29 St,40.741723,-73.978092,5179
2 Ave & E 29 St,40.741724,-73.978093,21
2 Ave & E 31 St,40.742909,-73.977061,35
2 Ave & E 31 St,40.742909,-73.97706,7126
2 Ave & E 55 St,40.75792,-73.966382,1979
2 Ave & E 72 St,40.768762,-73.958408,36
2 Ave & E 72 St,40.768762,-73.958407,5648
2 Ave & E 96 St,40.783963,-73.947167,3689
2 Ave & E 96 St,40.783964,-73.947167,22
2 Ave & E 99 St,40.786258,-73.945525,1375
2 Ave & E 99 St,40.786259,-73.945526,12
20 Ave & 21 St,40.784003,-73.912297,185
20 Ave & 33 St,40.779399,-73.905708,238
20 Ave & 38 St,40.777112,-73.902382,729
20 Ave & 42 St,40.775415,-73.900063,171
20 Ave & 48 St,40.772899,-73.896849,106
20 Ave & Shore Blvd,40.785994,-73.915098,132
21 Ave & 80 St,40.770888,-73.889914,73
21 Ave & Crescent St,40.780478,-73.912212,581
21 Ave & Shore Blvd,40.783956,-73.916894,341
21 St & 21 Ave,40.782465,-73.914527,388
21 St & 23 Ave,40.778557,-73.919046,328
21 St & 31 Dr,40.7659,-73.930819,893
21 St & 36 Ave,40.760185,-73.936272,520
21 St & 38 Ave,40.757631,-73.939122,223
21 St & 4 Ave,40.662584,-73.995554,597
21 St & 43 Ave,40.750525,-73.945948,451
21 St & Hoyt Ave S,40.774645,-73.923706,1171
21 St & Queens Plaza North,40.753259,-73.943357,1009
21 St & Queens Plaza North,40.75326,-73.943358,12
23 Ave & 27 St,40.776165,-73.915318,4
23 Ave & 27 St,40.776165,-73.915317,570
23 Rd & 29 St,40.77406,-73.914935,1
23 Rd & 29 St,40.77406,-73.914934,185
23 St & 3 Ave,40.662611,-73.998623,149
24 Ave & 26 St,40.774591,-73.918544,541
24 Ave & 29 St,40.7729,-73.916142,649
24 St & 38 Ave,40.756351,-73.936515,420
24 St & 41 Ave,40.752474,-73.939991,956
24 St & 5 Ave,40.659555,-73.995068,676
25 Ave & 41 St,40.767666,-73.910963,500
27 Ave & 3 St,40.77485,-73.9342,405
27 Ave & 9 St,40.773982,-73.930913,653
27 Ave & 9 St,40.773983,-73.930913,2
27 St & Hunter St,40.7485,-73.941275,1655
28 Ave & 35 St,40.7671,-73.916985,724
28 Ave & 44 St,40.764089,-73.910651,404
28 St & 36 Ave,40.757186,-73.932719,729
28 St & 41 Ave,40.751047,-73.93797,1113
29 St & 5 Ave,40.656986,-73.998194,173
3 Ave & 14 St,40.668545,-73.993332,545
3 Ave & 14 St,40.668546,-73.993333,4
3 Ave & 17 St,40.666168,-73.995549,186
3 Ave & Carroll St,40.677027,-73.9865,644
3 Ave & E 100 St,40.787721,-73.947283,881
3 Ave & E 112 St,40.795508,-73.941606,918
3 Ave & E 163 St,40.823872,-73.908699,442
3 Ave & E 169 St,40.832678,-73.905158,397
3 Ave & E 170 St,40.834857,-73.903743,234
3 Ave & E 172 St,40.839586,-73.900277,210
3 Ave & E 174 St - Bathgate Vaccination Site,40.84224,-73.8985,400
3 Ave & E 62 St,40.763125,-73.965268,3426
3 Ave & E 62 St,40.763126,-73.965269,43
3 Ave & E 71 St,40.768736,-73.961199,1854
3 Ave & E 71 St,40.768737,-73.961199,8
3 Ave & E 72 St,40.769942,-73.960607,1843
3 Ave & E 72 St,40.769943,-73.960607,14
3 Ave & Franklin Ave,40.82696,-73.907451,315
3 Ave & Schermerhorn St,40.686832,-73.979677,2639
3 Ave & Wakeman Pl,40.638246,-74.024714,439
3 St & 3 Ave,40.67507,-73.987752,1247
3 St & 3 Ave,40.675071,-73.987752,4
3 St & 7 Ave,40.670383,-73.978396,2170
3 St & 7 Ave,40.670384,-73.978397,17
3 St & Hoyt St,40.677728,-73.993641,830
3 St & Hoyt St,40.677729,-73.993641,9
3 St & Prospect Park West,40.668132,-73.973638,3832
30 Ave & 21 St,40.770374,-73.928608,3
30 Ave & 21 St,40.770374,-73.928607,548
30 Ave & 41 St,40.763422,-73.914142,576
30 Ave & 47 St,40.761294,-73.909562,314
30 St & 4 Ave,40.657743,-74.001141,357
31 Ave & 14 St,40.7682,-73.932266,528
31 Ave & 30 St,40.7647,-73.924031,1055
31 Ave & 34 St,40.763154,-73.920827,1484
31 Ave & 57 St,40.757357,-73.904726,240
31 Ave & 61 St,40.757525,-73.901614,217
31 Ave & Crescent St,40.765834,-73.926547,1121
31 Ave & Steinway St,40.761148,-73.917007,1014
31 Ave & Steinway St,40.761149,-73.917007,9
31 Rd & 21 St,40.766824,-73.930486,118
31 St & 21 Ave,40.77813,-73.90842,471
31 St & 23 Ave,40.774787,-73.912555,1337
31 St & 23 Ave,40.774788,-73.912555,19
31 St & Astoria Blvd,40.769917,-73.918405,1075
31 St & Astoria Blvd,40.769918,-73.918406,14
31 St & Broadway,40.761584,-73.925921,1812
31 St & Ditmars Blvd,40.776168,-73.910485,1079
31 St & Hoyt Ave N,40.771152,-73.917007,617
31 St & Hoyt Ave N,40.771153,-73.917007,5
31 St & Newtown Ave,40.767548,-73.920933,1779
31 St & Newtown Ave,40.767549,-73.920933,15
31 St & Northern Blvd,40.751869,-73.933492,579
31 St & Northern Blvd,40.75187,-73.933493,6
31 St & Thomson Ave,40.744697,-73.935404,2
31 St & Thomson Ave,40.744697,-73.935403,544
34 Ave & 13 St,40.763875,-73.936485,6
34 Ave & 13 St,40.763875,-73.936484,306
34 Ave & 21 St,40.762813,-73.934286,443
34 Ave & 21 St,40.762814,-73.934286,5
34 Ave & 31 St,40.759604,-73.927144,643
34 Ave & 38 St,40.756913,-73.921631,1137
34 Ave & 45 St,40.754795,-73.917014,332
34 Ave & 48 St,40.75388,-73.914952,500
34 St & 35 Ave,40.756933,-73.926223,634
34 St & 38 Ave,40.752443,-73.929737,383
34 St & 4 Ave,40.655278,-74.003101,278
34 St & 5 Ave,40.654098,-74.001131,169
34th Ave & Vernon Blvd,40.765353,-73.939863,553
34th Ave & Vernon Blvd,40.765354,-73.939863,5
35 Ave & 10 St,40.763154,-73.939855,308
35 Ave & 10 St,40.763155,-73.939855,4
35 Ave & 37 St,40.755732,-73.923661,571
35 Ave & 37 St,40.755733,-73.923661,4
35 St & 21 Ave,40.776745,-73.906558,214
35 St & 23 Ave,40.773015,-73.91119,425
35 St & 30 Ave,40.765475,-73.918115,1001
35 St & 30 Ave,40.765476,-73.918116,13
35 St & 34 Ave,40.758058,-73.924275,656
35 St & Broadway,40.760339,-73.922243,8
35 St & Broadway,40.760339,-73.922242,965
36 Ave & 10 St,40.761437,-73.941126,609
36 Ave & 10 St,40.761438,-73.941127,14
36 Ave & 31 St,40.756512,-73.929574,1167
36 Ave & 31 St,40.756513,-73.929575,6
36 St & 3 Ave,40.655716,-74.006664,670
36 St & 4 Ave,40.654144,-74.00422,487
36 St & Ditmars Blvd,40.774306,-73.908335,536
37 Ave & 35 St,40.75311,-73.927991,346
37 Ave & 35 St,40.753111,-73.927992,4
37 St & 24 Ave,40.770147,-73.912093,406
37 St & 24 Ave,40.770148,-73.912094,4
38 Ave & 29 St,40.75473,-73.93367,768
38 St & 30 Ave,40.764174,-73.915839,1142
38 St & 30 Ave,40.764175,-73.91584,17
38 St & Northern Blvd,40.752372,-73.925384,253
39 St & 2 Ave,40.655399,-74.010627,251
39 St & 2 Ave,40.6554,-74.010628,1
4 Ave & 17 St,40.665507,-73.993037,523
4 Ave & 26 St,40.660079,-73.998633,323
4 Ave & 3 St,40.673746,-73.985649,1092
4 Ave & 9 St,40.670513,-73.988765,1532
4 Ave & 9 St,40.670514,-73.988766,19
4 Ave & E 12 St,40.732647,-73.99011,4753
4 Ave & Shore Road Dr,40.637033,-74.022141,376
40 Ave & 9 St,40.75742,-73.945133,549
40 Ave & Crescent St,40.753599,-73.937956,576
41 St & 3 Ave,40.652512,-74.008906,49
41 St & 4 Ave,40.651354,-74.007168,280
42 Pl & Northern Blvd,40.753091,-73.920603,295
42 St & 1 Ave,40.654798,-74.014372,140
43 St & 23 Ave,40.769673,-73.906018,178
43 St & 35 Ave,40.754139,-73.919543,170
43 St & 37 Ave,40.750181,-73.919998,774
43 St & Broadway,40.757728,-73.916637,8
43 St & Broadway,40.757728,-73.916636,639
44 Dr & 21 St,40.748,-73.946093,11
44 Dr & 21 St,40.748,-73.946092,1394
44 Dr & Jackson Ave,40.747182,-73.943264,15
44 Dr & Jackson Ave,40.747182,-73.943263,1997
44 St & 2 Ave,40.652502,-74.013587,150
44 St & 3 Ave,40.651173,-74.011405,117
44 St & 6 Ave,40.647105,-74.004483,277
45 Rd & 11 St,40.747085,-73.949772,1556
45 Rd & 11 St,40.747086,-73.949772,13
45 St & 4 Ave,40.649145,-74.009486,393
46 Ave & 5 St,40.74731,-73.95451,2715
46 St & 25 Ave,40.765753,-73.90676,251
46 St & 28 Ave,40.763328,-73.908782,236
46 St & 30 Rd,40.76072,-73.910989,194
46 St & 6 Ave,40.645921,-74.005708,193
46 St & 7 Ave,40.644743,-74.003754,369
47 Ave & 31 St,40.743,-73.93561,560
47 Ave & Skillman Ave,40.743752,-73.941765,1
47 Ave & Skillman Ave,40.743752,-73.941764,88
47 St & 3 Ave,40.649143,-74.012384,157
48 Ave & 30 Pl,40.741283,-73.937259,7
48 Ave & 30 Pl,40.741283,-73.937258,444
48 Ave & 5 St,40.744363,-73.955873,820
48 St & 2 Ave,40.650176,-74.015606,96
48 St & 37 Ave,40.751555,-73.915026,750
48 St & 5 Ave,40.646351,-74.009271,231
48 St & Broadway,40.755763,-73.912715,459
49 Ave & 21 St,40.74252,-73.948852,512
49 St & 25 Ave,40.764496,-73.904632,99
49 St & 31 Ave,40.758057,-73.909831,314
5 Av & W 139 St,40.815484,-73.935856,848
5 Ave & 3 St,40.672815,-73.983523,2363
5 Ave & 3 St,40.672816,-73.983524,17
5 Ave & 37 St,40.652657,-74.002356,239
5 Ave & 41 St,40.649983,-74.005144,625
5 Ave & 66 St,40.635679,-74.020005,331
5 Ave & E 103 St,40.792255,-73.952499,3833
5 Ave & E 126 St,40.80698,-73.941747,1138
5 Ave & E 135 St,40.812191,-73.937838,724
5 Ave & E 29 St,40.745167,-73.98683,5501
5 Ave & E 29 St,40.745168,-73.986831,60
5 Ave & E 63 St,40.766368,-73.971518,4074
5 Ave & E 72 St,40.772828,-73.966853,321
5 Ave & E 72 St,40.772828,-73.966852,7951
5 Ave & E 78 St,40.776321,-73.964274,295
5 Ave & E 78 St,40.776321,-73.964273,5843
5 Ave & E 93 St,40.785785,-73.957481,5573
5 Ave & W 131 St,40.81014,-73.93973,853
5 St & 51 Ave,40.742373,-73.9566,490
5 St & 51 Ave,40.742374,-73.9566,8
5 St & 6 Ave,40.670483,-73.982089,899
5 St & 6 Ave,40.670484,-73.98209,8
50 St & 30 Ave,40.760083,-73.907107,274
50 St & Northern Blvd,40.753441,-73.912402,349
51 St & Hobart St,40.757764,-73.907654,282
52 St & 1 Ave,40.649292,-74.020105,126
52 St & 6 Ave,40.642703,-74.009441,122
53 St & 2 Ave,40.64744,-74.018846,268
53 St & 4 Ave,40.644862,-74.014531,341
53 St & 5 Ave,40.643371,-74.011884,187
55 St & 5 Ave,40.642408,-74.013318,141
55 St & 7 Ave,40.639673,-74.008957,331
57 St & 1 Ave - Brooklyn Army Terminal Vaccination Site,40.646377,-74.023087,159
57 St & 4 Ave,40.642622,-74.016866,196
58 St & 2 Ave - Brooklyn Army Terminal Vaccination Site,40.644512,-74.021506,370
58 St & 32 Ave,40.75574,-73.903427,141
59 St & 4 Ave,40.641269,-74.017651,259
59 St & 5 Ave,40.640125,-74.015726,111
6 Ave & 12 St,40.666318,-73.985462,13
6 Ave & 12 St,40.666318,-73.985461,1230
6 Ave & 21 St,40.66016,-73.990974,858
6 Ave & 55 St,40.640831,-74.010996,136
6 Ave & 60 St,40.638196,-74.013821,194
6 Ave & 9 St,40.668127,-73.983776,1747
6 Ave & Broome St,40.724308,-74.00473,5020
6 Ave & Canal St,40.722437,-74.005664,2426
6 Ave & Canal St,40.722438,-74.005664,53
6 Ave & W 33 St,40.749012,-73.988483,8419
6 Ave & W 33 St,40.749013,-73.988484,116
6 Ave & W 34 St,40.74964,-73.98805,8305
6 Ave & W 45 St,40.756951,-73.982631,4757
6 St & 7 Ave,40.668662,-73.97988,1743
6 St & 7 Ave,40.668663,-73.979881,7
62 St & Northern Blvd,40.754176,-73.900318,693
63 St & 5 Ave,40.63766,-74.01782,134
64 St & 3 Ave,40.639978,-74.02324,47
65 St & 2 Ave,40.640493,-74.02564,127
67 St & Erik Pl,40.633385,-74.016562,287
7 Ave & 20 St,40.659053,-73.98854,509
7 Ave & 22 St,40.658029,-73.989605,351
7 Ave & 40 St,40.648169,-74.000057,429
7 Ave & 41 St,40.647379,-74.000911,515
7 Ave & Central Park South,40.76674,-73.979068,10435
7 Ave & Central Park South,40.766741,-73.979069,461
7 Ave & Park Pl,40.677614,-73.973242,2668
7 Ave & Park Pl,40.677615,-73.973243,25
7 St & 3 Ave,40.672602,-73.98983,797
7 St & 3 Ave,40.672603,-73.98983,3
7 St & 5 Ave,40.670492,-73.985417,10
7 St & 5 Ave,40.670492,-73.985416,1343
76 St & 21 Ave,40.77028,-73.893675,115
8 Ave & W 16 St,40.740983,-74.001702,5068
8 Ave & W 27 St,40.747968,-73.996637,2548
8 Ave & W 31 St,40.750585,-73.994685,127
8 Ave & W 31 St,40.750585,-73.994684,6005
8 Ave & W 33 St,40.751551,-73.993934,7497
8 Ave & W 38 St,40.75461,-73.99177,6994
8 Ave & W 52 St,40.763707,-73.985162,131
8 Ave & W 52 St,40.763707,-73.985161,8823
8 St & Astoria Blvd,40.772599,-73.932662,250
8 St & Astoria Blvd,40.7726,-73.932663,4
9 Ave & W 18 St,40.743174,-74.003664,3858
9 Ave & W 206 St,40.863089,-73.917583,120
9 Ave & W 219 St,40.871094,-73.911503,44
9 Ave & W 22 St,40.745497,-74.001971,8505
9 Ave & W 45 St,40.760192,-73.991255,6276
9 Ave & W 45 St,40.760193,-73.991255,61
9 St & 44 Rd,40.74966,-73.9521,722
Academy St & Nagle Ave,40.862562,-73.922661,110
Adam Clayton Powell Blvd & W 115 St,40.802535,-73.953242,1181
Adam Clayton Powell Blvd & W 118 St,40.804372,-73.951475,1449
Adam Clayton Powell Blvd & W 123 St,40.807831,-73.949373,1470
Adam Clayton Powell Blvd & W 123 St,40.807832,-73.949373,19
Adam Clayton Powell Blvd & W 126 St,40.809495,-73.947765,22
Adam Clayton Powell Blvd & W 126 St,40.809495,-73.947764,2676
Adam Clayton Powell Blvd & W 130 St,40.812346,-73.946168,1139
Adam Clayton Powell Blvd & W 132 St,40.813539,-73.94521,1198
Adam Clayton Powell Blvd & W 138 St,40.816959,-73.942295,1793
Adam Clayton Powell Blvd & W 138 St,40.81696,-73.942296,22
Adam Clayton Powell Blvd & W 141 St,40.819241,-73.941057,932
Adam Clayton Powell Blvd & W 151 St,40.825289,-73.936232,459
Adelphi St & Myrtle Ave,40.693082,-73.971789,2105
Adelphi St & Myrtle Ave,40.693083,-73.971789,5
Albany Ave & Fulton St,40.68001,-73.938475,655
Albany Ave & Fulton St,40.680011,-73.938475,4
Albany St & Greenwich St,40.709267,-74.013247,3725
Albemarle Rd & McDonald Ave,40.645074,-73.979681,382
Alexander Ave & E 134 St,40.807466,-73.927107,410
Allen St & Hester St,40.716058,-73.991907,5909
Allen St & Hester St,40.716059,-73.991908,50
Allen St & Rivington St,40.720195,-73.989978,6244
Allen St & Rivington St,40.720196,-73.989978,81
Allen St & Stanton St,40.722055,-73.989111,5772
Amsterdam Ave & W 119 St,40.808624,-73.959621,1069
Amsterdam Ave & W 119 St,40.808625,-73.959621,11
Amsterdam Ave & W 125 St,40.813358,-73.956461,1316
Amsterdam Ave & W 131 St,40.816355,-73.954295,355
Amsterdam Ave & W 136 St,40.819746,-73.951819,686
Amsterdam Ave & W 152 St,40.829523,-73.944279,408
Amsterdam Ave & W 156 St,40.832081,-73.942386,421
Amsterdam Ave & W 162 St,40.83618,-73.939789,402
Amsterdam Ave & W 167 St,40.839443,-73.937044,378
Amsterdam Ave & W 172 St,40.842173,-73.935111,329
Amsterdam Ave & W 175 St,40.844044,-73.933651,454
Amsterdam Ave & W 180 St,40.847396,-73.931205,388
Amsterdam Ave & W 183 St,40.84925,-73.93022,317
Amsterdam Ave & W 189 St,40.853142,-73.927094,270
Amsterdam Ave & W 66 St,40.774667,-73.984706,28
Amsterdam Ave & W 66 St,40.774667,-73.984705,2330
Amsterdam Ave & W 73 St,40.779668,-73.98093,6773
Amsterdam Ave & W 79 St,40.782939,-73.978652,59
Amsterdam Ave & W 79 St,40.782939,-73.978651,5422
Amsterdam Ave & W 82 St,40.785246,-73.976673,4360
Amsterdam Ave & W 82 St,40.785247,-73.976673,48
Anderson Ave & W 164 St,40.832057,-73.927421,110
Andrew Ave N & Hall of Fame Tce,40.85834,-73.91008,80
Andrews Ave S & W 179 St,40.855156,-73.91278,76
Anthony Ave & E 175 St,40.846465,-73.903869,154
Anthony Ave & E Tremont Ave,40.848793,-73.903178,277
Astoria Park S & Shore Blvd,40.7767,-73.927631,1742
Atlantic Ave & Fort Greene Pl,40.683826,-73.976323,2480
Atlantic Ave & Furman St,40.691651,-73.999978,4502
Atlantic Ave & Furman St,40.691652,-73.999979,155
Audobon Ave & W 179 St,40.847305,-73.933291,213
Audubon Ave & Fort George Ave,40.857157,-73.927173,144
Audubon Ave & Fort George Ave,40.857158,-73.927174,1
Audubon Ave & W 192 St,40.85564,-73.927128,181
Ave D & E 8 St,40.723683,-73.975748,1470
Ave D & E 8 St,40.723684,-73.975748,4
Avenue C & E 18 St,40.730563,-73.973984,2073
Avenue D & E 10 St,40.725065,-73.975158,2368
Avenue D & E 10 St,40.725066,-73.975158,35
Avenue D & E 3 St,40.720828,-73.977932,37
Avenue D & E 3 St,40.720828,-73.977931,3193
Avenue D & E 8 St,40.72387,-73.975767,189
Bainbridge Ave & E 193 St,40.86389,-73.89246,29
Baltic St & 5 Ave,40.679576,-73.978549,1947
Baltic St & 5 Ave,40.679577,-73.97855,16
Bank St & Hudson St,40.736528,-74.00618,4359
Bank St & Hudson St,40.736529,-74.00618,73
Bank St & Washington St,40.736196,-74.008592,3627
Bank St & Washington St,40.736197,-74.008592,89
Banker St & Meserole Ave,40.72606,-73.95621,1486
Barclay St & Church St,40.712912,-74.010202,2474
Barrow St & Hudson St,40.731724,-74.006744,4547
Barry St & Tiffany St,40.816126,-73.891559,88
Bay St & Court St,40.671409,-74.001328,241
Bayard St & Baxter St,40.716021,-73.999744,30
Bayard St & Baxter St,40.716021,-73.999743,4112
Bayard St & Leonard St,40.719155,-73.948853,1656
Bayard St & Leonard St,40.719156,-73.948854,18
Beaver St & Fayette St,40.70099,-73.93921,1159
Beck St & Leggett Ave,40.815077,-73.899939,246
Bedford Ave & Bergen St,40.676368,-73.952918,2308
Bedford Ave & Montgomery St,40.665816,-73.956934,1144
Bedford Ave & Nassau Ave,40.723116,-73.952123,3343
Bedford Ave & Nassau Ave,40.723117,-73.952123,54
Bedford Ave & S 9 St,40.70853,-73.964089,869
Bedford Ave & S 9 St,40.708531,-73.96409,28
Bedford Park Blvd & Paul Ave,40.87444,-73.89186,49
Bergen Ave & E 152 St,40.817166,-73.914737,196
Bergen St & 4 Ave,40.682564,-73.979898,18
Bergen St & 4 Ave,40.682564,-73.979897,1738
Bergen St & Flatbush Ave,40.680944,-73.975673,2114
Bergen St & Flatbush Ave,40.680945,-73.975673,12
Bergen St & Smith St,40.686744,-73.990632,32
Bergen St & Smith St,40.686744,-73.990631,3542
Bergen St & Vanderbilt Ave,40.679438,-73.968043,3396
Bergen St & Vanderbilt Ave,40.679439,-73.968044,34
Berkeley Pl & 6 Ave,40.67653,-73.978469,16
Berkeley Pl & 6 Ave,40.67653,-73.978468,1191
Berkeley Pl & 7 Ave,40.675146,-73.975232,2611
Berkeley Pl & 7 Ave,40.675147,-73.975232,7
Berry St & N 8 St,40.719009,-73.958525,3740
Berry St & N 8 St,40.71901,-73.958525,37
Bialystoker Pl & Delancey St,40.716226,-73.982612,1880
Boerum Pl\t& Pacific St,40.688489,-73.99116,159
Boerum St & Broadway,40.70538,-73.949765,1301
Boerum St & Broadway,40.705381,-73.949765,6
Bond St & Bergen St,40.684966,-73.986207,1353
Bond St & Bergen St,40.684967,-73.986208,16
Bond St & Fulton St,40.689621,-73.983042,2953
Bond St & Fulton St,40.689622,-73.983043,25
Boone Ave & E 172 St,40.832649,-73.885272,206
Boston Rd & E 167 St,40.828199,-73.903719,219
Boston Rd & Prospect Ave,40.833246,-73.896599,155
Bradhurst Ave & W 148 St,40.825125,-73.941616,789
Bridge St & Water St,40.702969,-73.984691,2
Bridge St & Water St,40.702969,-73.98469,563
Broad St & Bridge St,40.703651,-74.011677,1914
Broad St & Bridge St,40.703652,-74.011678,17
Broadway & 12 St,40.7668,-73.934777,601
Broadway & 49 St,40.755389,-73.911517,111
Broadway & 51 St,40.754164,-73.908906,379
Broadway & Battery Pl,40.704633,-74.013617,4613
Broadway & Berry St,40.710445,-73.96525,4252
Broadway & Berry St,40.710446,-73.965251,45
Broadway & E 14 St,40.734545,-73.990741,8425
Broadway & E 14 St,40.734546,-73.990741,114
Broadway & Ellwood St,40.862058,-73.929719,385
Broadway & Furman Ave,40.68139,-73.90756,269
Broadway & Hancock St,40.68663,-73.9168,641
Broadway & Kosciuszko St,40.69329,-73.92852,1082
Broadway & Madison St,40.68822,-73.91966,1007
Broadway & Moylan Pl,40.814325,-73.959025,1260
Broadway & Moylan Pl,40.814326,-73.959026,11
Broadway & Roebling St,40.709248,-73.960631,2084
Broadway & W 122 St,40.812056,-73.961255,11
Broadway & W 122 St,40.812056,-73.961254,1048
Broadway & W 131 St,40.817555,-73.957163,684
Broadway & W 133 St,40.819034,-73.956156,1008
Broadway & W 153 St,40.831327,-73.946665,476
Broadway & W 155 St,40.83299,-73.94592,806
Broadway & W 160 St,40.835775,-73.9434,1033
Broadway & W 165 St,40.839137,-73.941409,436
Broadway & W 168 St,40.840896,-73.939721,4
Broadway & W 168 St,40.840896,-73.93972,785
Broadway & W 185 St,40.852538,-73.93441,545
Broadway & W 192 St,40.857994,-73.932173,404
Broadway & W 220 St,40.872412,-73.912807,616
Broadway & W 25 St,40.742868,-73.989186,11409
Broadway & W 25 St,40.742869,-73.989186,222
Broadway & W 29 St,40.7462,-73.988557,5677
Broadway & W 29 St,40.746201,-73.988557,70
Broadway & W 36 St,40.750977,-73.987654,3437
Broadway & W 37 St,40.751726,-73.987535,1860
Broadway & W 38 St,40.752996,-73.987216,3418
Broadway & W 41 St,40.755135,-73.98658,5117
Broadway & W 41 St,40.755136,-73.98658,64
Broadway & W 51 St,40.762288,-73.983362,149
Broadway & W 51 St,40.762288,-73.983361,7755
Broadway & W 60 St,40.769155,-73.981918,10771
Broadway & Whipple St,40.701665,-73.94373,1312
Broadway & Whipple St,40.701666,-73.94373,6
Bronx Shore Comfort Station,40.80046,-73.92404,658
Brook Ave & E 138 St,40.807408,-73.91924,455
Brook Ave & E 141 St,40.809619,-73.917875,146
Brook Ave & E 148 St,40.814383,-73.915368,284
Brook Ave & E 157 St,40.820713,-73.911759,283
Brooklyn Bridge Park - Pier 2,40.698458,-73.997178,2767
Bruckner Blvd & Bryant Ave,40.821952,-73.888546,364
Bulova Ave & Brooklyn Queens Expressway W,40.762507,-73.902534,136
Bus Slip & State St,40.701907,-74.013942,2527
Bushwick Ave & Dekalb Ave,40.69502,-73.92825,665
Bushwick Ave & Forrest St,40.70076,-73.93641,662
Bushwick Ave & Furman Ave,40.68281,-73.90623,264
Bushwick Ave & Harman St,40.69356,-73.92524,923
Bushwick Ave & Linden St,40.69146,-73.92146,617
Bushwick Ave & McKibbin St,40.705517,-73.93936,624
Bushwick Ave & Powers St,40.712476,-73.941,1402
Bushwick Ave & Powers St,40.712477,-73.941,11
Bushwick Ave & Stagg St,40.709897,-73.94008,540
Butler St & Court St,40.684989,-73.994403,951
Cabrini Blvd & W 177 St,40.848282,-73.941343,440
Cadman Plaza E & Red Cross Pl,40.699917,-73.989717,1868
Cadman Plaza E & Red Cross Pl,40.699918,-73.989718,105
Cadman Plaza E & Tillary St,40.695976,-73.990148,1552
Cadman Plaza E & Tillary St,40.695977,-73.990149,85
Calyer St & Jewel St,40.72984,-73.94839,876
Cambridge Pl & Gates Ave,40.68488,-73.96304,1593
Canal St & Rutgers St,40.714274,-73.9899,6503
Canal St & Rutgers St,40.714275,-73.9899,47
Carlton Ave & Dean St,40.680974,-73.97101,17
Carlton Ave & Dean St,40.680974,-73.971009,2133
Carlton Ave & Flushing Ave,40.697787,-73.973736,1369
Carlton Ave & Park Ave,40.695807,-73.973556,3
Carlton Ave & Park Ave,40.695807,-73.973555,926
Carmine St & 6 Ave,40.730385,-74.002149,8813
Carmine St & 6 Ave,40.730386,-74.00215,156
Carroll St & 5 Ave,40.675162,-73.981483,1642
Carroll St & 6 Ave,40.674088,-73.978728,1576
Carroll St & 6 Ave,40.674089,-73.978728,8
Carroll St & Bond St,40.678611,-73.990372,1280
Carroll St & Bond St,40.678612,-73.990373,14
Carroll St & Columbia St,40.683045,-74.003485,1160
Carroll St & Columbia St,40.683046,-74.003486,11
Carroll St & Franklin Ave,40.667941,-73.9588,661
Carroll St & Smith St,40.680611,-73.994758,2284
Carroll St & Washington Ave,40.668674,-73.961815,18
Carroll St & Washington Ave,40.668674,-73.961814,847
Cathedral Pkwy & Broadway,40.804213,-73.966991,3582
Catherine St & Monroe St,40.711174,-73.996826,2432
Caton Ave & Argyle Rd,40.649681,-73.967829,753
Caton Ave & E 10 St,40.648481,-73.97058,434
Caton Ave & E 7 St,40.647718,-73.973663,423
Cauldwell Ave & E 158 St,40.81989,-73.908351,135
Cauldwell Ave & E 161 St,40.82188,-73.907521,185
Cedar Ave & W Fordham Rd,40.86156,-73.91219,135
Cedar St & Evergreen Ave,40.69671,-73.92807,572
Cedar St & Myrtle Ave,40.697842,-73.926241,706
Center Blvd & 48 Ave,40.745038,-73.957539,1233
Center Blvd & 51 Ave,40.743366,-73.959607,59
Center Blvd & 51 Ave,40.743366,-73.959606,1940
Central Ave & Covert St,40.68929,-73.90951,328
Central Ave & Decatur St,40.6882,-73.90798,372
Central Ave & Flushing Ave,40.702831,-73.9333,644
Central Ave & Himrod St,40.69676,-73.92302,683
Central Ave & Melrose St,40.70112,-73.93039,503
Central Ave & Starr Street,40.700003,-73.92834,856
Central Ave & Weirfield St,40.69055,-73.91181,534
Central Ave & Woodbine St,40.69296,-73.91605,565
Central Park North & Adam Clayton Powell Blvd,40.799484,-73.955613,6371
Central Park S & 6 Ave,40.765909,-73.976342,532
Central Park S & 6 Ave,40.765909,-73.976341,9931
Central Park W & W 103 St,40.796036,-73.961589,2801
Central Park W & W 103 St,40.796037,-73.961589,61
Central Park W & W 91 St,40.788664,-73.9668,5279
Central Park W & W 91 St,40.788665,-73.966801,40
Central Park W & W 97 St,40.792495,-73.964171,125
Central Park W & W 97 St,40.792495,-73.96417,5766
Central Park West & W 68 St,40.773406,-73.977825,8456
Central Park West & W 68 St,40.773407,-73.977825,291
Central Park West & W 72 St,40.775793,-73.976205,8244
Central Park West & W 72 St,40.775794,-73.976206,242
Central Park West & W 76 St,40.778967,-73.973747,4622
Central Park West & W 76 St,40.778968,-73.973747,165
Central Park West & W 85 St,40.78476,-73.969862,6000
Centre St & Chambers St,40.712732,-74.004607,5645
Centre St & Chambers St,40.712733,-74.004607,287
Centre St & Seneca Ave,40.69969,-73.9022,179
Centre St & Worth St,40.714948,-74.002345,89
Centre St & Worth St,40.714948,-74.002344,2666
Charlotte St & Boston Rd,40.835877,-73.893142,100
Cherry St,40.712199,-73.979481,3711
Chester Ave & 12 Ave,40.644367,-73.984276,212
Christopher St & Greenwich St,40.732915,-74.007113,6885
Christopher St & Greenwich St,40.732916,-74.007114,111
Church Ave & McDonald Ave,40.642809,-73.979239,270
Church Ave & Story St,40.642031,-73.981073,218
Clark St & Henry St,40.697601,-73.993446,47
Clark St & Henry St,40.697601,-73.993445,3757
Classon Ave & St Marks Ave,40.676519,-73.959608,1820
Classon Ave & St Marks Ave,40.67652,-73.959608,10
Clay Ave & Claremont Pkwy,40.83999,-73.90549,239
Clay Ave & E 173 St,40.843264,-73.904867,175
Clermont Ave & Lafayette Ave,40.687644,-73.969689,1798
Clermont Ave & Lafayette Ave,40.687645,-73.969689,12
Clermont Ave & Park Ave,40.695733,-73.971296,960
Clermont Ave & Park Ave,40.695734,-73.971297,6
Cleveland Pl & Spring St,40.722103,-73.997249,9647
Cleveland Pl & Spring St,40.722104,-73.997249,152
Cliff St & Fulton St,40.70838,-74.00495,2421
Clinton Ave & Flushing Ave,40.69794,-73.969868,1192
Clinton Ave & Myrtle Ave,40.693261,-73.968896,2821
"Clinton St	& Cherry St",40.711471,-73.986726,59
Clinton St & 4 Place,40.678356,-74.000145,1307
Clinton St & Centre St,40.67434,-74.001947,3
Clinton St & Centre St,40.67434,-74.001946,375
Clinton St & Grand St,40.715595,-73.98703,74
Clinton St & Grand St,40.715595,-73.987029,7390
Clinton St & Joralemon St,40.692395,-73.993379,2356
Clinton St & Tillary St,40.696232,-73.99142,1493
Clinton St & Tillary St,40.696233,-73.991421,37
Clinton St & Union St,40.683116,-73.997853,16
Clinton St & Union St,40.683116,-73.997852,1622
Clinton St\t& Cherry St,40.711471,-73.986726,2620
Coffey St & Conover St,40.677236,-74.015665,1003
College Ave & E 170 St,40.837576,-73.910489,103
Columbia Heights & Cranberry St,40.700378,-73.99548,1777
Columbia Heights & Cranberry St,40.700379,-73.995481,61
Columbia St & Degraw St,40.685929,-74.002423,1179
Columbia St & Degraw St,40.68593,-74.002424,21
Columbia St & Kane St,40.687631,-74.001625,979
Columbia St & Kane St,40.687632,-74.001626,23
Columbia St & Lorraine St,40.674705,-74.007557,209
Columbia St & Lorraine St,40.674706,-74.007557,4
Columbia St & Rivington St,40.717399,-73.980165,2034
Columbia St & Rivington St,40.7174,-73.980166,22
Columbia St & W 9 St,40.676999,-74.006471,263
Columbus Ave & W 103 St,40.796934,-73.964341,1132
Columbus Ave & W 103 St,40.796935,-73.964341,13
Columbus Ave & W 72 St,40.777057,-73.978984,7103
Columbus Ave & W 72 St,40.777058,-73.978985,101
Columbus Ave & W 95 St,40.791955,-73.968087,4937
Columbus Ave & W 95 St,40.791956,-73.968087,35
Commerce St & Van Brunt St,40.681211,-74.008609,534
Commerce St & Van Brunt St,40.681212,-74.008609,17
Concord St & Bridge St,40.697665,-73.984764,1555
Concord St & Bridge St,40.697666,-73.984764,24
Concourse Village East & E 158 St,40.823732,-73.919379,295
Concourse Village West & E 156 St,40.823162,-73.923267,186
Congress St & Clinton St,40.688152,-73.995209,1900
Congress St & Clinton St,40.688153,-73.995209,21
Congress St & Hicks St,40.689395,-73.999513,10
Congress St & Hicks St,40.689395,-73.999512,829
Convent Ave & W 135 St,40.818215,-73.950988,525
Convent Ave & W 151 St,40.82831,-73.942924,227
Cooper Square & Astor Pl,40.729514,-73.990752,4835
Cooper Square & Astor Pl,40.729515,-73.990753,61
Court St & Nelson St,40.676394,-73.998698,1287
Court St & Nelson St,40.676395,-73.998699,25
Court St & State St,40.690237,-73.99203,3116
Court St & State St,40.690238,-73.992031,36
Courtlandt Ave & E 149 St,40.816402,-73.919549,446
Courtlandt Ave & E 157 St,40.822267,-73.916792,151
Crescent St & 30 Ave,40.768692,-73.924957,1685
Crescent St & 34 Ave,40.76108,-73.930562,1156
Crescent St & 35 Ave,40.759627,-73.932145,690
Crescent St & 35 Ave,40.759628,-73.932146,4
Crescent St & Broadway,40.763358,-73.928647,1527
Crescent St & Broadway,40.763359,-73.928647,6
Crescent St & Ditmars Blvd,40.778718,-73.914564,447
Crescent St & Ditmars Blvd,40.778719,-73.914565,14
Crotona Park East & E 173 St,40.837037,-73.890413,173
Crotona Park North & Prospect Ave,40.841092,-73.892317,383
Cumberland St & Lafayette Ave,40.687534,-73.972652,35
Cumberland St & Lafayette Ave,40.687534,-73.972651,2060
Cypress Ave & George St,40.69812,-73.90271,141
Cypress Ave & Palmetto St,40.701573,-73.908763,1
Cypress Ave & Palmetto St,40.701573,-73.908762,128
Dahill Rd & 12 Ave,40.646037,-73.980963,349
Davidson Ave & W Burnside Ave,40.853646,-73.908731,244
Dawson St & Intervale Ave,40.819999,-73.897263,147
DeKalb Ave & Franklin Ave,40.690648,-73.957462,16
DeKalb Ave & Franklin Ave,40.690648,-73.957461,1725
DeKalb Ave & Hudson Ave,40.689888,-73.981013,2127
DeKalb Ave & S Portland Ave,40.68981,-73.974931,2526
DeKalb Ave & Vanderbilt Ave,40.689407,-73.968855,18
DeKalb Ave & Vanderbilt Ave,40.689407,-73.968854,2804
Dean St & Franklin Ave,40.677592,-73.955637,1957
Dean St & Hoyt St,40.686444,-73.987591,1797
Degraw St & Hoyt St,40.68199,-73.99079,1191
Degraw St & Smith St,40.682915,-73.993182,1661
Delancey St & Eldridge St,40.719383,-73.991479,2443
Devoe St & Lorimer St,40.713352,-73.949103,2063
Devoe St & Morgan Ave,40.713811,-73.93515,657
Ditmars Ave & 43 St,40.771203,-73.903865,427
Ditmars Blvd & 19 St,40.78145,-73.91833,971
Ditmars Blvd & 48 St,40.769219,-73.901001,187
Ditmars Blvd & 73 St,40.76817,-73.896293,117
Ditmars Blvd & 76 St,40.768442,-73.893531,154
Ditmars Blvd & 79 St,40.768728,-73.890745,241
Division Ave & Hooper St,40.706842,-73.954435,1158
Division Ave & Marcy Ave,40.707087,-73.957968,7
Division Ave & Marcy Ave,40.707087,-73.957967,541
Division St & Bowery,40.714193,-73.996732,2561
Dock 72 Way & Market St,40.69985,-73.97141,1012
Douglass St & 3 Ave,40.680213,-73.984327,6
Douglass St & 3 Ave,40.680213,-73.984326,1536
Douglass St & 4 Ave,40.679278,-73.98154,1590
Douglass St & 4 Ave,40.679279,-73.98154,23
Driggs Ave & Lorimer St,40.721791,-73.950415,1822
Driggs Ave & N 9 St,40.718169,-73.955201,3262
Driggs Ave & N 9 St,40.71817,-73.955201,22
Driggs Ave & N Henry St,40.72325,-73.94308,1842
Duane St & Greenwich St,40.717487,-74.010455,2196
Duane St & Greenwich St,40.717488,-74.010455,34
Duffield St & Willoughby St,40.692215,-73.984284,2159
Duffield St & Willoughby St,40.692216,-73.984284,16
Dwight St & Van Dyke St,40.673635,-74.011955,393
Dwight St & Van Dyke St,40.673636,-74.011956,8
Dyckman St & 10 Ave,40.858904,-73.923094,16
Dyckman St & 10 Ave,40.858904,-73.923093,270
Dyckman St & Henshaw St,40.867357,-73.92936,616
Dyckman St & Staff St,40.868846,-73.931537,1010
E 1 St & 1 Ave,40.723355,-73.988649,4617
E 1 St & 1 Ave,40.723356,-73.98865,77
E 10 St & Avenue A,40.727407,-73.98142,8102
E 10 St & Avenue A,40.727408,-73.98142,61
E 102 St & 1 Ave,40.786994,-73.941648,2524
E 102 St & 1 Ave,40.786995,-73.941648,26
E 102 St & Park Ave,40.790482,-73.95033,1225
E 102 St & Park Ave,40.790483,-73.950331,7
E 103 St & Lexington Ave,40.790305,-73.947558,16
E 103 St & Lexington Ave,40.790305,-73.947557,1524
E 106 St & 1 Ave,40.789252,-73.939562,1363
E 106 St & 1 Ave,40.789253,-73.939562,9
E 106 St & Lexington Ave,40.791976,-73.945993,1231
E 106 St & Madison Ave,40.793433,-73.94945,1683
E 106 St & Madison Ave,40.793434,-73.94945,50
E 109 St & 3 Ave,40.793296,-73.943208,1135
E 109 St & 3 Ave,40.793297,-73.943208,12
E 11 St & 1 Ave,40.729538,-73.984267,5614
E 11 St & 2 Ave,40.730473,-73.986724,31
E 11 St & 2 Ave,40.730473,-73.986723,3299
E 11 St & 3 Ave,40.73127,-73.98849,1706
E 11 St & Avenue B,40.727464,-73.979504,4313
E 110 St & Madison Ave,40.796153,-73.947821,2601
E 110 St & Madison Ave,40.796154,-73.947821,33
E 114 St & 1 Ave,40.794566,-73.936254,1222
E 115 St & Lexington Ave,40.797911,-73.9423,1314
E 115 St & Madison Ave,40.798944,-73.944846,1048
E 115 St & Madison Ave,40.798945,-73.944846,3
E 116 St & 2 Ave,40.796879,-73.937261,1008
E 118 St & 1 Ave,40.79747,-73.93504,1282
E 118 St & 3 Ave,40.799139,-73.938915,1298
E 118 St & Madison Ave,40.801486,-73.94425,1194
E 118 St & Madison Ave,40.801487,-73.944251,2
E 118 St & Park Ave,40.800538,-73.941994,755
E 118 St & Park Ave,40.800539,-73.941995,4
E 12 St & 3 Ave,40.732232,-73.988899,3937
E 12 St & 3 Ave,40.732233,-73.9889,39
E 12 St & Ave C,40.727243,-73.976831,2009
E 123 St & Lexington Ave,40.802926,-73.9379,710
E 128 St & 3 Ave,40.805631,-73.934077,176
E 128 St & Madison Ave,40.80756,-73.939182,781
E 13 St & 2 Ave,40.731539,-73.985302,6153
E 13 St & Avenue A,40.729667,-73.98068,51
E 13 St & Avenue A,40.729667,-73.980679,8749
E 132 St & Madison Ave,40.810224,-73.937195,745
E 133 St & Cypress Pl,40.80262,-73.9174,84
E 134 St & Walnut Ave,40.800425,-73.911034,139
E 135 St & St Ann's Ave,40.805089,-73.918889,200
E 138 St & 5 Av,40.81449,-73.936153,808
E 138 St & Canal St W,40.812304,-73.929153,211
E 138 St & Cypress Ave,40.805559,-73.914718,283
E 138 St & Grand Concourse,40.813224,-73.930605,228
E 138 St & Willow Ave,40.804168,-73.911545,204
E 14 St & Avenue B,40.729386,-73.977724,3080
E 14 St & Avenue B,40.729387,-73.977724,17
E 141 St & Jackson Ave,40.806896,-73.911837,153
E 141 St & St Ann's Ave,40.808633,-73.916124,315
E 142 St & 3 Ave,40.812735,-73.923697,317
E 144 St & Brook Ave,40.811675,-73.917037,162
E 147 St & Bergen Ave,40.814673,-73.91839,307
E 149 St & Eagle Ave,40.814046,-73.91186,154
E 149 St & Jackson Ave,40.813135,-73.909235,454
E 149 St & Morris Ave,40.81734,-73.922962,559
E 149 St & Park Ave,40.818154,-73.925294,338
E 15 St & 3 Ave,40.734232,-73.986923,5663
E 150 St & Gerard Ave,40.820089,-73.928947,345
E 153 St & E 157 St,40.826677,-73.929327,300
E 155 St & Courtlandt Ave,40.82057,-73.917579,141
E 156 & Brook Ave,40.819823,-73.912411,456
E 157 St & River Ave,40.825737,-73.927311,499
E 158 St & Melrose Ave,40.822215,-73.914688,255
E 16 St & 5 Ave,40.737261,-73.992389,6183
E 16 St & 5 Ave,40.737262,-73.99239,60
E 16 St & Irving Pl,40.735367,-73.987974,18
E 16 St & Irving Pl,40.735367,-73.987973,3043
E 160 St & Tinton Ave,40.820302,-73.903944,119
E 161 St & Park Ave,40.824811,-73.916407,387
E 161 St & River Ave,40.827883,-73.927111,1657
E 163 St & Tiffany St,40.821075,-73.895069,135
E 163 St & Union Ave,40.822545,-73.901824,234
E 165 St & Clay Ave,40.82809,-73.91288,355
E 165 St & Fox St,40.82394,-73.894025,114
E 165 St & Jerome Ave,40.83263,-73.925101,277
E 167 St & Bryant Ave,40.826706,-73.888719,146
E 167 St & Clay Ave,40.83094,-73.91125,313
E 167 St & Franklin Ave,40.82895,-73.90521,145
E 169 St & Fox St,40.827184,-73.893721,120
E 169 St & Webster Ave,40.834015,-73.908863,311
E 17 St & Broadway,40.737049,-73.990092,12599
E 17 St & Broadway,40.73705,-73.990093,137
E 170 St & Clay Ave,40.837213,-73.908345,183
E 170 St & Sheridan Ave,40.838315,-73.912604,168
E 170 St & Webster Ave,40.836179,-73.907301,244
E 171 St & 3 Ave,40.837119,-73.902185,239
E 171 St & Webster Ave,40.838379,-73.905838,183
E 174 St & Longfellow Ave,40.836274,-73.884308,274
E 174 St & Walton Ave,40.844811,-73.912042,159
E 188 St & Creston Ave,40.861669,-73.898589,256
E 19 St & 3 Ave,40.736245,-73.984738,27
E 19 St & 3 Ave,40.736245,-73.984737,5112
E 2 St & 2 Ave,40.725028,-73.990696,4461
E 2 St & 2 Ave,40.725029,-73.990697,16
E 2 St & Avenue A,40.723077,-73.985836,4978
E 2 St & Avenue B,40.722174,-73.983688,48
E 2 St & Avenue B,40.722174,-73.983687,6529
E 2 St & Avenue C,40.720873,-73.980857,3962
E 2 St & Avenue C,40.720874,-73.980858,21
E 20 St & 2 Ave,40.735876,-73.98205,6856
E 20 St & 2 Ave,40.735877,-73.98205,39
E 20 St & FDR Drive,40.733142,-73.975738,3609
E 20 St & FDR Drive,40.733143,-73.975739,42
E 20 St & Park Ave,40.738274,-73.98752,44
E 20 St & Park Ave,40.738274,-73.987519,3950
E 23 St & 1 Ave,40.736502,-73.978095,47
E 23 St & 1 Ave,40.736502,-73.978094,5335
E 25 St & 1 Ave,40.738176,-73.977386,3479
E 25 St & 1 Ave,40.738177,-73.977387,20
E 25 St & 2 Ave,40.739126,-73.979738,35
E 25 St & 2 Ave,40.739126,-73.979737,7205
E 27 St & 1 Ave,40.739445,-73.976806,6074
E 27 St & Park Ave S,40.742751,-73.984715,2428
E 27 St & Park Ave S,40.742752,-73.984716,36
E 3 St & 1 Ave,40.724677,-73.987834,3100
E 3 St & Church Ave,40.643817,-73.977433,301
E 30 St & Park Ave S,40.744449,-73.983035,3678
E 31 St & 3 Ave,40.743943,-73.979661,41
E 31 St & 3 Ave,40.743943,-73.97966,7164
E 32 St & Park Ave,40.745712,-73.981948,5600
E 33 St & 1 Ave,40.743226,-73.974497,6177
E 33 St & 1 Ave,40.743227,-73.974498,21
E 33 St & 5 Ave,40.747659,-73.984907,5139
E 39 St & Lexington Ave,40.749498,-73.977292,5255
E 39 St & Lexington Ave,40.749499,-73.977292,36
E 4 St & 2 Ave,40.72628,-73.98978,5257
E 4 St & 2 Ave,40.726281,-73.98978,54
E 40 St & 5 Ave,40.752062,-73.981632,2149
E 41 St & Madison Ave,40.752165,-73.979922,16
E 41 St & Madison Ave,40.752165,-73.979921,2313
E 43 St & 2 Ave,40.750223,-73.971214,3256
E 43 St & 2 Ave,40.750224,-73.971214,22
E 44 St & 2 Ave,40.751183,-73.971387,2538
E 44 St & 2 Ave,40.751184,-73.971387,20
E 44 St & Lexington Ave,40.752643,-73.974996,2708
E 45 St & 3 Ave,40.752554,-73.972826,2125
E 47 St & 1 Ave,40.752068,-73.967843,2091
E 47 St & 1 Ave,40.752069,-73.967844,27
E 47 St & 2 Ave,40.75323,-73.970325,3147
E 47 St & 2 Ave,40.753231,-73.970325,19
E 47 St & Park Ave,40.755102,-73.974986,3359
E 47 St & Park Ave,40.755103,-73.974987,21
E 48 St & 3 Ave,40.754601,-73.971879,8
E 48 St & 3 Ave,40.754601,-73.971878,3042
E 48 St & 5 Ave,40.757245,-73.978059,3077
E 48 St & 5 Ave,40.757246,-73.978059,13
E 5 St & Avenue C,40.722992,-73.979955,16
E 5 St & Avenue C,40.722992,-73.979954,2786
E 5 St & Cooper Sq,40.72769,-73.990993,2615
E 50 St & Park Ave,40.757334,-73.974235,1006
E 51 St & 1 Ave,40.754557,-73.96593,21
E 51 St & 1 Ave,40.754557,-73.965929,3048
E 51 St & 2 Ave,40.755293,-73.967641,3808
E 51 St & Lexington Ave,40.757147,-73.972078,2455
E 51 St & Lexington Ave,40.757148,-73.972078,34
E 53 St & Lexington Ave,40.75828,-73.970694,3517
E 53 St & Lexington Ave,40.758281,-73.970694,15
E 53 St & Madison Ave,40.75971,-73.974023,2765
E 53 St & Madison Ave,40.759711,-73.974023,39
E 54 St & 1 Ave,40.756265,-73.964179,2718
E 55 St & 2 Ave,40.757973,-73.966033,3036
E 56 St & 3 Ave,40.759345,-73.967597,26
E 56 St & 3 Ave,40.759345,-73.967596,3309
E 56 St & Madison Ave,40.761573,-73.972628,2384
E 58 St &  1 Ave (NW Corner),40.759125,-73.962658,2905
E 58 St & 1 Ave (NE Corner),40.758923,-73.962262,1503
E 58 St & 1 Ave (NE Corner),40.758924,-73.962262,27
E 58 St & 3 Ave,40.760957,-73.967244,5652
E 58 St & 3 Ave,40.760958,-73.967245,43
E 58 St & Madison Ave,40.763025,-73.972095,3505
E 58 St & Madison Ave,40.763026,-73.972095,30
E 6 St & Avenue B,40.724537,-73.981854,7017
E 6 St & Avenue D,40.72228,-73.976687,4619
E 6 St & Avenue D,40.722281,-73.976687,32
E 60 St & York Ave,40.759107,-73.959223,1648
E 63 St & 3 Ave,40.763954,-73.9646,3037
E 65 St & 2 Ave,40.764718,-73.96222,2926
E 65 St & 2 Ave,40.764719,-73.962221,20
E 66 St & Madison Ave,40.768008,-73.968452,1639
E 66 St & Madison Ave,40.768009,-73.968453,51
E 67 St & Park Ave,40.7678,-73.96592,1211
E 67 St & Park Ave,40.767801,-73.965921,43
E 68 St & 3 Ave,40.767128,-73.962246,2059
E 68 St & Madison Ave,40.769157,-73.967035,39
E 68 St & Madison Ave,40.769157,-73.967034,1431
E 7 St & Avenue A,40.726217,-73.983798,7094
E 7 St & Avenue A,40.726218,-73.983799,15
E 72 St & Park Ave,40.771182,-73.964094,2852
E 72 St & Park Ave,40.771183,-73.964094,67
E 72 St & York Ave,40.766638,-73.953483,17
E 72 St & York Ave,40.766638,-73.953482,5370
E 74 St & 1 Ave,40.768973,-73.954822,4637
E 74 St & 1 Ave,40.768974,-73.954823,16
E 75 St & 3 Ave,40.771129,-73.957723,27
E 75 St & 3 Ave,40.771129,-73.957722,2582
E 76 St & Park Ave,40.773763,-73.962221,37
E 76 St & Park Ave,40.773763,-73.96222,2762
E 77 St & 3 Ave,40.773142,-73.958562,23
E 77 St & 3 Ave,40.773142,-73.958561,2948
E 78 St & 2 Ave,40.772796,-73.955778,2226
E 78 St & 2 Ave,40.772797,-73.955778,24
E 8 St & Caton Ave,40.648055,-73.972432,229
E 81 St & 2 Ave,40.774779,-73.954275,10
E 81 St & 2 Ave,40.774779,-73.954274,3180
E 81 St & 3 Ave,40.77573,-73.956753,14
E 81 St & 3 Ave,40.77573,-73.956752,2346
E 81 St & Park Ave,40.776777,-73.95901,6
E 81 St & Park Ave,40.776777,-73.959009,1521
E 81 St & York Ave,40.772838,-73.949892,3150
E 82 St & East End Ave,40.77246,-73.94682,2252
E 82 St & East End Ave,40.772461,-73.946821,9
E 84 St & 1 Ave,40.775655,-73.950686,4220
E 84 St & Park Ave,40.778626,-73.95772,3338
E 84 St & Park Ave,40.778627,-73.957721,26
E 85 St & 3 Ave,40.778012,-73.954071,5632
E 85 St & York Ave,40.775369,-73.948034,7
E 85 St & York Ave,40.775369,-73.948033,2286
E 88 St & 1 Ave,40.778301,-73.948813,3560
E 88 St & Park Ave,40.78141,-73.955959,2501
E 88 St & Park Ave,40.781411,-73.955959,62
E 89 St & 3 Ave,40.780628,-73.952167,32
E 89 St & 3 Ave,40.780628,-73.952166,3169
E 89 St & York Ave,40.777945,-73.946041,3361
E 9 St & 5 Ave,40.732758,-73.995816,3154
E 9 St & 5 Ave,40.732759,-73.995817,4
E 9 St & Avenue C,40.725213,-73.977688,30
E 9 St & Avenue C,40.725213,-73.977687,3664
E 91 St & 2 Ave,40.781122,-73.949656,38
E 91 St & 2 Ave,40.781122,-73.949655,3897
E 91 St & Park Ave,40.783501,-73.955327,3261
E 91 St & Park Ave,40.783502,-73.955327,58
E 93 St & 2 Ave,40.782454,-73.94892,7
E 93 St & 2 Ave,40.782454,-73.948919,2174
E 95 St & 3 Ave,40.784903,-73.950503,1625
E 97 St & 3 Ave,40.78592,-73.948603,8
E 97 St & 3 Ave,40.78592,-73.948602,954
E 97 St & Madison Ave,40.787801,-73.953559,3408
E 98 St & Park Ave,40.78813,-73.95206,1093
E Burnside Ave & Ryer Ave,40.850535,-73.901318,34
E Tremont Ave & E 176 St,40.847798,-73.901883,247
E Tremont Ave & Jerome Ave,40.851747,-73.908964,323
East End Ave & E 86 St,40.775186,-73.944461,29
East End Ave & E 86 St,40.775186,-73.94446,2127
Eastern Pkwy & Franklin Ave,40.670776,-73.95768,2545
Eastern Pkwy & Franklin Ave,40.670777,-73.95768,21
Eastern Pkwy & Washington Ave,40.671649,-73.963115,40
Eastern Pkwy & Washington Ave,40.671649,-73.963114,1993
Edgecombe Ave & W 141 St,40.820681,-73.945144,1561
Edgecombe Ave & W 145 St,40.823498,-73.94386,1052
Edgecombe Ave & W 150 St,40.826881,-73.941427,261
Edgecombe Ave & W 167 St,40.838191,-73.936085,451
Eldert St & Bushwick Ave,40.68652,-73.91321,367
Emerson Pl & Myrtle Ave,40.693631,-73.962236,23
Emerson Pl & Myrtle Ave,40.693631,-73.962235,2364
Engert Ave & McGuinness Blvd,40.72158,-73.94546,743
Evergreen Ave & Noll St,40.70106,-73.93318,784
FDR Drive & E 35 St,40.744219,-73.971212,7187
Faile St & Garrison Ave,40.820578,-73.888271,37
Fairview Ave & Linden St,40.70694,-73.90632,313
Featherbed Ln & Jerome Ave,40.845505,-73.914311,81
Featherbed Ln & Nelson Ave,40.846011,-73.919637,266
Flushing Ave & Vanderbilt Ave,40.69795,-73.970776,58
Flushing Ave & Vanderbilt Ave,40.69795,-73.970775,2364
Flushing Ave & Woodward Ave,40.71246,-73.91873,285
Folin St & E 181 St,40.853929,-73.898385,86
Forest Ave & Summerfield St,40.69922,-73.89795,658
"Forsyth St	& Grand St",40.717798,-73.993161,38
Forsyth St & Broome St,40.718939,-73.992663,47
Forsyth St & Broome St,40.718939,-73.992662,3708
Forsyth St & Canal St,40.715815,-73.994223,4265
Forsyth St & Canal St,40.715816,-73.994224,79
Forsyth St\t& Grand St,40.717798,-73.993161,4532
Fort Washington Ave & W 173 St,40.84522,-73.940493,641
Fort Washington Ave & W 183 St,40.852252,-73.937854,631
Franklin Ave & E 169 St,40.83171,-73.90208,220
Franklin Ave & Myrtle Ave,40.694546,-73.958014,8
Franklin Ave & Myrtle Ave,40.694546,-73.958013,977
Franklin Ave & St Marks Ave,40.675832,-73.956168,17
Franklin Ave & St Marks Ave,40.675832,-73.956167,1662
Franklin St & Dupont St,40.73564,-73.95866,2718
Franklin St & W Broadway,40.719115,-74.006666,3062
Franklin St & W Broadway,40.719116,-74.006667,50
Frederick Douglass Blvd & Harlem River Dr,40.830702,-73.936371,357
Frederick Douglass Blvd & W 112 St,40.801694,-73.957145,3940
Frederick Douglass Blvd & W 115 St,40.803865,-73.955931,10
Frederick Douglass Blvd & W 115 St,40.803865,-73.95593,2671
Frederick Douglass Blvd & W 117 St,40.805159,-73.954692,3529
Frederick Douglass Blvd & W 129 St,40.812551,-73.949229,12
Frederick Douglass Blvd & W 129 St,40.812551,-73.949228,1119
Frederick Douglass Blvd & W 145 St,40.823061,-73.941928,957
Freeman St & Reverend James A Polite Ave,40.830529,-73.894717,243
Freeman St & Southern Blvd,40.830051,-73.892103,289
Front St & Gold St,40.70224,-73.982578,1723
Front St & Jay St,40.702461,-73.986842,2376
Front St & Washington St,40.70255,-73.989402,5277
Front St & Washington St,40.702551,-73.989402,139
Frost St & Debevoise Ave,40.71882,-73.93948,372
Frost St & Meeker Ave,40.717661,-73.9488,879
Frost St & Meeker Ave,40.717662,-73.9488,10
Ft. Hamilton Pkwy & E 2 St,40.648005,-73.979342,371
Ft. Hamilton Pkwy & E 5 St,40.649037,-73.97673,446
Ft. Washington Ave & W 190 St,40.856906,-73.935662,270
Fulton Ave & E 168 St,40.830471,-73.904556,94
Fulton Ave & E 172 St,40.839229,-73.899047,123
Fulton Ave & St. Paul's Pl,40.83545,-73.90153,180
Fulton St & Adams St,40.692418,-73.989495,62
Fulton St & Adams St,40.692418,-73.989494,3135
Fulton St & Broadway,40.711066,-74.009447,4868
Fulton St & Clermont Ave,40.684157,-73.969223,22
Fulton St & Clermont Ave,40.684157,-73.969222,1616
Fulton St & Irving Pl,40.68186,-73.959432,1470
Fulton St & Pearl St,40.707721,-74.004386,3471
Fulton St & Pearl St,40.707722,-74.004386,87
Fulton St & Utica Ave,40.679426,-73.929891,1605
Fulton St & Utica Ave,40.679427,-73.929891,23
Fulton St & Waverly Ave,40.683238,-73.965995,2052
Fulton St & Waverly Ave,40.683239,-73.965996,12
Fulton St & William St,40.709559,-74.006536,3132
Fulton St & William St,40.70956,-74.006536,15
Gansevoort St & Hudson St,40.739448,-74.00507,3158
Garfield Pl & 8 Ave,40.671197,-73.974841,1540
Garfield Pl & 8 Ave,40.671198,-73.974841,10
Garrison Ave & Manida St,40.818743,-73.890247,70
George St & Wilson Ave,40.702997,-73.92997,678
Gerard Ave & E 146 St,40.817755,-73.92965,242
Gerard Ave & E 164 St,40.830262,-73.923391,168
Gerard Ave & E 165 St,40.83173,-73.922394,218
Gerard Ave & McClellan St,40.833909,-73.92112,286
Goble Pl & Macombs Rd,40.844075,-73.917256,235
Goulden Ave & Bedford Park Blvd W,40.87387,-73.89533,31
Goulden Ave & W 197 St,40.87156,-73.89714,36
Graham Ave & Conselyea St,40.715143,-73.944507,2693
Graham Ave & Grand St,40.711863,-73.944024,2303
Graham Ave & Herbert St,40.719293,-73.945004,6
Graham Ave & Herbert St,40.719293,-73.945003,704
Graham Ave & Withers St,40.716981,-73.944859,1338
Grand Army Plaza & Central Park S,40.764397,-73.973715,445
Grand Army Plaza & Central Park S,40.764397,-73.973714,7614
Grand Army Plaza & Plaza St West,40.672967,-73.970879,4009
Grand Army Plaza & Plaza St West,40.672968,-73.97088,80
Grand Ave & Bergen St,40.678045,-73.962408,1580
Grand Ave & W 181 St,40.856302,-73.907302,170
Grand Ave & W Fordham Rd,40.86288,-73.90316,149
Grand Concourse & E 144 St,40.816576,-73.927987,266
Grand Concourse & E 156 St,40.823429,-73.924689,229
Grand Concourse & E 161 St,40.827115,-73.92272,749
Grand Concourse & E 164 St,40.829608,-73.921461,405
Grand Concourse & E 166 St,40.83196,-73.91956,321
Grand Concourse & E 167 St,40.834263,-73.917641,614
Grand Concourse & E 171 St,40.839549,-73.913004,264
Grand Concourse & E 192 St,40.86448,-73.89522,8
Grand Concourse & E 197 St,40.86945,-73.89148,44
Grand Concourse & E 199 St,40.87142,-73.88839,40
Grand Concourse & E 203 St,40.87382,-73.88661,2
Grand Concourse & East Mount Eden Ave,40.84301,-73.91172,251
Grand St & Elizabeth St,40.718822,-73.99596,8490
Grand St & Greene St,40.7217,-74.002381,4275
Grand St & Havemeyer St,40.712868,-73.956981,3227
Grand St & Samuel Dickstein Plaza,40.715118,-73.98417,1986
Grand St & Samuel Dickstein Plaza,40.715119,-73.984171,32
Grant Ave & E 169 St,40.83579,-73.913741,191
Great Jones St,40.727434,-73.99379,6025
Green St & McGuinness Blvd,40.73396,-73.95204,347
Greene Av & Myrtle Av,40.698568,-73.918877,666
Greene Ave & Grandview Ave,40.709697,-73.907856,332
Greene Ave & Nostrand Ave,40.688333,-73.950916,1587
Greene Ave & Nostrand Ave,40.688334,-73.950916,21
Greene Ave & Throop Ave,40.689493,-73.942061,1428
Greenpoint Ave & Manhattan Ave,40.73026,-73.95394,2186
Greenwich Ave & 8 Ave,40.739016,-74.002637,7474
Greenwich Ave & 8 Ave,40.739017,-74.002638,26
Greenwich Ave & Charles St,40.735238,-74.000271,4627
Greenwich St & Hubert St,40.721319,-74.010065,2172
Greenwich St & Perry St,40.73498,-74.00697,2463
Greenwich St & W Houston St,40.728846,-74.008591,4295
Greenwood Ave & E 4 St,40.650739,-73.977739,253
Grove St & Broadway,40.69047,-73.923511,1280
Halsey St & Broadway,40.68565,-73.91564,808
Halsey St & Evergreen Ave,40.68858,-73.91227,272
Halsey St & Tompkins Ave,40.682368,-73.944118,1599
Halsey St & Tompkins Ave,40.682369,-73.944118,27
Hamilton Pl & W 138 St,40.821728,-73.952761,515
Hamilton Pl & W 140 St,40.822756,-73.951346,674
Hancock St & Bedford Ave,40.682165,-73.95399,1423
Hancock St & Bedford Ave,40.682166,-73.95399,17
Hancock St & Wyckoff Ave,40.6972,-73.90674,265
Hanson Pl & Ashland Pl,40.685068,-73.977908,34
Hanson Pl & Ashland Pl,40.685068,-73.977907,4065
Harlem River Dr & W 155 St,40.830476,-73.939929,297
Harman St & Seneca Ave,40.70577,-73.91292,397
Harrison Pl & Porter Ave,40.70686,-73.92851,367
Harrison St & Hudson St,40.718709,-74.009,1714
Harrison St & Hudson St,40.71871,-74.009001,36
Hart St & Wyckoff Ave,40.704876,-73.919911,508
Hazen St & 20 Ave,40.772092,-73.895166,158
Henry St & Atlantic Ave,40.690892,-73.996123,2385
Henry St & Atlantic Ave,40.690893,-73.996123,33
Henry St & Bay St,40.672505,-74.004946,221
Henry St & Bay St,40.672506,-74.004947,6
Henry St & Degraw St,40.684751,-73.999173,11
Henry St & Degraw St,40.684751,-73.999172,1336
Henry St & Grand St,40.714211,-73.981095,4892
Henry St & Middagh St,40.7003,-73.991581,1607
Henry St & Remsen St,40.694009,-73.994651,398
Henry St & Remsen St,40.69401,-73.994651,11
Henry St & W 9 St,40.676374,-74.00325,1
Henry St & W 9 St,40.676374,-74.003249,298
Hicks St & Montague St,40.695128,-73.995951,34
Hicks St & Montague St,40.695128,-73.99595,2570
Hoe Ave & Jennings St,40.832171,-73.889686,132
Home St & Westchester Ave,40.827629,-73.886659,283
Hope St & Union Ave,40.711673,-73.951413,2858
Hope St & Union Ave,40.711674,-73.951413,19
Howard St & Centre St,40.719105,-73.999733,4466
Hoyt St & Warren St,40.684354,-73.989016,460
Hoyt St & Warren St,40.684355,-73.989016,3
Hudson St & Reade St,40.71625,-74.009106,28
Hudson St & Reade St,40.71625,-74.009105,3288
Hudson St & W 13 St,40.740057,-74.005274,4205
Humboldt St & Varet St,40.703172,-73.940636,796
Hunts Point Ave & Bryant Ave,40.813991,-73.8855,219
Huron St & Franklin St,40.73266,-73.95826,2302
Icahn Stadium,40.79346,-73.92389,887
India St & Manhattan Ave,40.732321,-73.955085,2353
India St & Manhattan Ave,40.732322,-73.955086,16
India St Pier,40.731734,-73.961239,1949
India St Pier,40.731735,-73.961239,27
Intervale Ave & Kelly St,40.827301,-73.896372,133
Intervale Ave & Westchester Ave,40.821967,-73.896752,185
Inwood Ave & W 170 St,40.840536,-73.919228,110
Irving Ave & DeKalb Ave,40.7027,-73.92095,684
Irving Ave & Halsey St,40.69467,-73.90663,491
Irving Ave & Harman St,40.70108,-73.9179,839
Irving Ave & Jefferson St,40.70538,-73.92535,863
Irving Ave & Palmetto St,40.698,-73.9127,499
Isham St & Broadway,40.86788,-73.919685,435
Jackson Ave & 46 Rd,40.745247,-73.947332,886
Jackson Ave & 46 Rd,40.745248,-73.947333,8
Jackson St & Leonard St,40.71638,-73.948213,3
Jackson St & Leonard St,40.71638,-73.948212,801
Jay St & Tech Pl,40.695065,-73.987167,2447
Jay St & York St,40.701403,-73.986727,57
Jay St & York St,40.701403,-73.986726,3111
Jefferson Ave & Evergreen Ave,40.68989,-73.91458,495
Jefferson St & Cypress Ave,40.70907,-73.92157,591
Jerome Ave & Anderson Ave,40.830179,-73.928747,136
Jerome Ave & E 164 St,40.831444,-73.926226,228
Jerome Ave & E 181 St,40.855653,-73.905528,178
Jerome Ave & Ogden Ave,40.829797,-73.931015,243
Jerome Ave & W 177 St,40.850121,-73.910765,155
Jerome Ave & W 193 St,40.86659,-73.89794,269
Jerome Ave & W Fordham Rd,40.86294,-73.90108,92
John St & William St,40.708621,-74.007222,16
John St & William St,40.708621,-74.007221,2369
Johnson St & Gold St,40.694748,-73.983624,2295
Johnson St & Gold St,40.694749,-73.983625,19
Kane St & Clinton St,40.686175,-73.996452,1428
Kane St & Clinton St,40.686176,-73.996453,23
Kent Ave & N 7 St,40.720367,-73.96165,6281
Kent Ave & N 7 St,40.720368,-73.961651,103
Kent Ave & S 11 St,40.707644,-73.968415,3207
Kent Ave & S 11 St,40.707645,-73.968415,71
Kent St & McGuinness Blvd,40.73124,-73.95161,543
King St & Varick St,40.727897,-74.005363,35
King St & Varick St,40.727897,-74.005362,2486
Kingsland Ave & Nassau Ave,40.72577,-73.94173,1701
Kingston Ave & Herkimer St,40.678906,-73.941427,1534
Kingston Ave & Herkimer St,40.678907,-73.941428,18
Knickerbocker Ave & Cooper St,40.69081,-73.90448,515
Knickerbocker Ave & George St,40.704425,-73.92836,911
Knickerbocker Ave & Halsey St,40.693,-73.90824,439
Knickerbocker Ave & Hancock St,40.69385,-73.90974,450
Knickerbocker Ave & Thames St,40.70539,-73.92976,911
Kosciuszko St & Nostrand Ave,40.690725,-73.951335,22
Kosciuszko St & Nostrand Ave,40.690725,-73.951334,1304
Kosciuszko St & Tompkins Ave,40.691282,-73.945241,1575
Kosciuszko St & Tompkins Ave,40.691283,-73.945242,9
LaGuardia Pl & W 3 St,40.72917,-73.998102,4463
Lafayette Ave & Classon Ave,40.689004,-73.960239,23
Lafayette Ave & Classon Ave,40.689004,-73.960238,2128
Lafayette Ave & Fort Greene Pl,40.686918,-73.976682,2745
Lafayette Ave & Fort Greene Pl,40.686919,-73.976682,21
Lafayette Ave & Hunts Point Ave,40.816567,-73.888161,215
Lafayette Ave & St James Pl,40.688515,-73.964763,26
Lafayette Ave & St James Pl,40.688515,-73.964762,2192
Lafayette St & E 8 St,40.730206,-73.991026,6951
Lafayette St & E 8 St,40.730207,-73.991026,86
Lafayette St & Jersey St,40.72456,-73.995652,6626
Lafayette St & Jersey St,40.724561,-73.995653,94
Laight St & Hudson St,40.721853,-74.007717,1408
Laight St & Hudson St,40.721854,-74.007718,2
Lawrence St & Willoughby St,40.692361,-73.986317,2728
Lawrence St & Willoughby St,40.692362,-73.986317,17
Lefferts Pl & Franklin Ave,40.680342,-73.955769,4
Lefferts Pl & Franklin Ave,40.680342,-73.955768,1344
Lenox Ave & W 111 St,40.798785,-73.9523,4859
Lenox Ave & W 111 St,40.798786,-73.9523,197
Lenox Ave & W 115 St,40.801193,-73.950073,1769
Lenox Ave & W 115 St,40.801194,-73.950074,16
Lenox Ave & W 117 St,40.802556,-73.949078,2599
Lenox Ave & W 117 St,40.802557,-73.949078,32
Lenox Ave & W 126 St,40.808442,-73.945209,31
Lenox Ave & W 126 St,40.808442,-73.945208,3079
Lenox Ave & W 130 St,40.810792,-73.943068,1400
Lenox Ave & W 133 St,40.81296,-73.941878,1028
Lenox Ave & W 140 St,40.817245,-73.938787,957
Lenox Ave & W 144 St,40.819783,-73.936521,914
Lenox Ave & W 146 St,40.821111,-73.935971,457
Leonard St & Boerum St,40.705833,-73.946446,16
Leonard St & Boerum St,40.705833,-73.946445,1168
Leonard St & Church St,40.717571,-74.005549,3075
Leonard St & Maujer St,40.710368,-73.947059,1837
Leonard St & Maujer St,40.710369,-73.94706,18
Leonard St & Nassau Ave,40.723956,-73.949843,1985
Leonard St & Nassau Ave,40.723957,-73.949844,10
Lewis Ave & Decatur St,40.681459,-73.934903,1546
Lewis Ave & Decatur St,40.68146,-73.934903,17
Lewis Ave & Kosciuszko St,40.69237,-73.937054,1344
Lewis Ave & Kosciuszko St,40.692371,-73.937054,2
Lewis Ave & Madison St,40.686312,-73.935775,136
Lexington Ave & Classon Ave,40.686767,-73.959281,1323
Lexington Ave & Classon Ave,40.686768,-73.959282,8
Lexington Ave & E 111 St,40.795412,-73.944123,1551
Lexington Ave & E 120 St,40.801306,-73.939816,888
Lexington Ave & E 120 St,40.801307,-73.939817,12
Lexington Ave & E 127 St,40.805726,-73.936322,561
Lexington Ave & E 128 St,40.806414,-73.936085,549
Lexington Ave & E 24 St,40.740258,-73.984092,4637
Lexington Ave & E 24 St,40.740259,-73.984092,31
Lexington Ave & E 26 St,40.741459,-73.983293,4413
Lexington Ave & E 29 St,40.743115,-73.982153,3955
Lexington Ave & E 29 St,40.743116,-73.982154,32
Lexington Ave & E 36 St,40.747573,-73.9788,4522
Lexington Ave & E 36 St,40.747574,-73.978801,26
Liberty St & Nassau St,40.708588,-74.009354,2319
Liberty St & Nassau St,40.708589,-74.009355,30
Lincoln Ave & E 134 St,40.808484,-73.928803,304
Lincoln Ave & E 138 St,40.810893,-73.927311,585
Lincoln Pl & Classon Ave,40.672168,-73.9609,924
Linden St & Knickerbocker Ave,40.69714,-73.91566,267
Lispenard St & Broadway,40.719392,-74.002472,4070
Little West St & 1 Pl,40.705692,-74.016776,6578
Little West St & 1 Pl,40.705693,-74.016777,103
Longfellow Ave & E 165 St,40.825322,-73.887729,86
Longwood Ave & Southern Blvd,40.816343,-73.896447,267
Lorimer St & Broadway,40.704117,-73.948185,608
Lorimer St & Broadway,40.704118,-73.948186,2
Lorimer St & Calyer St,40.72795,-73.95414,1419
Louis Nine Blvd & Intervale Ave,40.831998,-73.892686,134
MacDougal St & Prince St,40.727102,-74.00297,5047
MacDougal St & Prince St,40.727103,-74.002971,63
MacDougal St & Washington Sq,40.732263,-73.998522,4168
MacDougal St & Washington Sq,40.732264,-73.998522,87
Macombs Pl & W 152 St,40.826406,-73.937948,501
Macombs Rd & W 175 St,40.848177,-73.916082,349
Macon St & Nostrand Ave,40.680983,-73.950048,11
Macon St & Nostrand Ave,40.680983,-73.950047,1526
Madison Av & E 51 St,40.75863,-73.97513,2239
Madison Ave & E 120 St,40.80295,-73.942954,1068
Madison Ave & E 26 St,40.742684,-73.986713,3751
Madison Ave & E 26 St,40.742685,-73.986713,41
Madison Ave & E 82 St,40.778131,-73.960694,98
Madison Ave & E 82 St,40.778131,-73.960693,3821
Madison Ave & E 99 St,40.789485,-73.952429,1847
Madison St & Clinton St,40.71269,-73.987763,1613
Madison St & Cypress Ave,40.70068,-73.90742,261
Madison St & Evergreen Ave,40.69122,-73.91693,406
Madison St & Forest Ave,40.70555,-73.90245,557
Madison St & Montgomery St,40.713126,-73.984844,1968
Madison St & Seneca Ave,40.70183,-73.90625,344
Madison St & Woodward Ave,40.70408,-73.90408,423
Maiden Ln & Pearl St,40.707064,-74.007318,2197
Maiden Ln & Pearl St,40.707065,-74.007319,44
Manhattan Av & Leonard St,40.72084,-73.94844,744
Marcus Garvey Blvd & Macon St,40.682601,-73.938037,1432
Marcy Ave & Lafayette Ave,40.690081,-73.947915,1427
Marcy Ave & Lafayette Ave,40.690082,-73.947915,8
Margaret Corbin Plz & Ft Washington Ave,40.859166,-73.933872,519
Marion Ave & Mosholu Pkwy,40.870495,-73.881875,17
Marion Ave & Mosholu Pkwy,40.870496,-73.881876,1
Market St & Cherry St,40.710762,-73.994004,9
Market St & Cherry St,40.710762,-73.994003,1878
Market St & Henry St,40.713107,-73.994464,14
Market St & Henry St,40.713107,-73.994463,2172
McDonald Ave & Vanderbilt St,40.651654,-73.981231,133
McGuinness Blvd & Eagle St,40.73555,-73.95284,2510
McKibbin St & Bogart St,40.706237,-73.933871,1227
McKibbin St & Manhattan Ave,40.705109,-73.944073,10
McKibbin St & Manhattan Ave,40.705109,-73.944072,904
Melrose Ave & E 150 St,40.816827,-73.917338,943
Melrose Ave & E 154 St,40.819609,-73.916071,220
Melrose St & Broadway,40.697481,-73.935877,1262
Menahan St & Central Ave,40.69543,-73.9196,487
Menahan St & Onderdonk Ave,40.70553,-73.9096,244
Menahan St & Seneca Ave,40.70461,-73.91054,230
Menahan St & Wyckoff Ave,40.70113,-73.91422,424
Mercer St & Bleecker St,40.727063,-73.996621,4662
Mercer St & Bleecker St,40.727064,-73.996621,83
Mercer St & Spring St,40.723627,-73.999496,4676
Meserole Ave & Manhattan Ave,40.727085,-73.952991,2061
Meserole Ave & Manhattan Ave,40.727086,-73.952991,13
Metropolitan Ave & Bedford Ave,40.715348,-73.960241,5356
Metropolitan Ave & Meeker Ave,40.714133,-73.952344,21
Metropolitan Ave & Meeker Ave,40.714133,-73.952343,2261
Metropolitan Ave & Stewart Ave,40.71401,-73.92793,157
Metropolitan Ave & Vandervoort Ave,40.71429,-73.93323,113
Milton St & Franklin St,40.72906,-73.95779,3944
Moffat St & Bushwick,40.68458,-73.90925,325
Monroe St & Bedford Ave,40.685144,-73.953809,2038
Monroe St & Classon Ave,40.684568,-73.958811,9
Monroe St & Classon Ave,40.684568,-73.95881,1068
Monroe St & Tompkins Ave,40.686203,-73.944694,1786
Montague St & Clinton St,40.694281,-73.9923,2421
Montgomery St & Franklin Ave,40.666439,-73.960556,463
Montrose Ave & Bushwick Ave,40.707677,-73.940161,2048
Montrose Ave & Bushwick Ave,40.707678,-73.940162,10
Morgan Ave & Lombardy St,40.72226,-73.93889,774
Morgan Ave & Maspeth Ave,40.716657,-73.93637,475
Morningside Ave & W 123 St,40.81,-73.955151,25
Morningside Ave & W 123 St,40.81,-73.95515,1614
Morningside Dr & Amsterdam Ave,40.810285,-73.957365,4
Morningside Dr & Amsterdam Ave,40.810285,-73.957364,588
Morris Ave & E 142 St,40.814469,-73.924963,308
Morris Ave & E 153 St,40.820036,-73.921411,223
Morris Ave & E 163 St,40.82723,-73.917656,6
Morris Ave & E 163 St,40.82723,-73.917655,595
Morris Ave & E 171 St,40.83899,-73.9109,61
Morris Ave & E 184 St,40.86008,-73.90079,20
Morris Ave & McClellan St,40.831584,-73.9149,243
Morton St & Washington St,40.73115,-74.00887,2039
Motorgate,40.763908,-73.947721,2151
Motorgate,40.763909,-73.947721,59
Mott St & Prince St,40.723179,-73.9948,6376
Mott St & Prince St,40.72318,-73.9948,95
Mount Eden Pkwy & Eastburn Ave,40.842675,-73.908544,163
Mt Morris Park W & W 120 St,40.804038,-73.945925,1673
Murray St & Greenwich St,40.714851,-74.011223,4007
Murray St & Greenwich St,40.714852,-74.011223,68
Murray St & West St,40.714978,-74.013012,3923
Murray St & West St,40.714979,-74.013012,43
Myrtle Ave & Grove St,40.69905,-73.91516,289
Myrtle Ave & Lewis Ave,40.696819,-73.937569,765
Myrtle Ave & Lewis Ave,40.69682,-73.937569,3
Myrtle Ave & Linden St,40.69943,-73.91337,363
Myrtle Ave & Marcy Ave,40.695398,-73.949549,1041
Myrtle Ave & St Edwards St,40.69327,-73.977039,32
Myrtle Ave & St Edwards St,40.69327,-73.977038,1515
N 11 St & Kent Ave,40.722481,-73.959219,1593
N 11 St & Kent Ave,40.722482,-73.959219,31
N 12 St & Bedford Ave,40.720798,-73.954847,2900
N 15 St & Wythe Ave,40.724055,-73.955736,990
N 6 St & Bedford Ave,40.717451,-73.958509,4938
N 6 St & Bedford Ave,40.717452,-73.958509,13
Nagle Ave & Ellwood St,40.86012,-73.928489,342
Nagle Ave & Thayer St,40.861382,-73.925591,484
Nassau Ave & Newell St,40.724812,-73.947526,1601
Nassau Ave & Newell St,40.724813,-73.947526,9
Nassau Ave & Russell St,40.72557,-73.94434,2052
Nassau St & Navy St,40.698398,-73.980689,1400
Nassau St & Navy St,40.698399,-73.980689,19
Nelson Ave & 167 St,40.836705,-73.926088,170
Nelson Ave & 167 St,40.836706,-73.926089,2
Nelson Ave & W 172 St,40.843965,-73.920999,253
Newton Rd & 44 St,40.75957,-73.914268,5
Newton Rd & 44 St,40.75957,-73.914267,403
Newtown Ave & 23 St,40.771361,-73.924614,1050
Newtown Ave & 23 St,40.771362,-73.924615,7
Norfolk St & Broome St,40.717227,-73.988021,63
Norfolk St & Broome St,40.717227,-73.98802,6135
Norman St & Wyckoff Ave,40.69517,-73.90311,521
North Moore St & Greenwich St,40.720195,-74.010301,60
North Moore St & Greenwich St,40.720195,-74.0103,4720
Nostrand Ave & Myrtle Ave,40.69527,-73.952381,898
Ocean Pkwy & Church Ave,40.644718,-73.974514,88
Ocean Pkwy & Church Ave,40.644719,-73.974515,12
Ocean Pkwy & Church Ave,40.645282,-73.974169,549
Ogden Ave & Merriam Ave,40.839142,-73.925961,86
Ogden Ave & W 164 St,40.832812,-73.929372,172
Ogden Ave & W 165 St,40.834457,-73.928381,262
Old Broadway & W 133 St,40.818212,-73.955277,215
Old Fulton St,40.702771,-73.993836,3302
Old Fulton St,40.702772,-73.993836,204
Old Slip & South St,40.703366,-74.007867,1572
Old Slip & South St,40.703367,-74.007868,24
Onderdonk Ave & Dekalb Ave,40.70863,-73.91497,336
Onderdonk Ave & Gates Ave,40.70413,-73.90737,348
Pacific St & Classon Ave,40.679194,-73.95879,661
Pacific St & Nevins St,40.685376,-73.983021,1626
Parade Pl & Crooke Ave,40.651847,-73.965248,2306
Park Ave & E 124 St,40.804555,-73.939686,2585
Park Ave & E 124 St,40.804556,-73.939686,21
Park Ave & E 162 St,40.825716,-73.915585,361
Park Ave & Marcus Garvey Blvd,40.698617,-73.941342,960
Park Ave & St Edwards St,40.696089,-73.978034,639
Park Cir & East Dr,40.651566,-73.972212,1714
Park Pl & Church St,40.713341,-74.009355,1779
Park Pl & Church St,40.713342,-74.009355,35
Park Pl & Franklin Ave,40.67418,-73.956494,1445
Park Pl & Franklin Ave,40.674181,-73.956495,13
Park Pl & Vanderbilt Ave,40.6767,-73.969024,875
Pearl St & Hanover Square,40.704717,-74.00926,3312
Pearl St & Hanover Square,40.704718,-74.00926,51
Pearl St & Peck Slip,40.708485,-74.002751,2440
Perry St & Bleecker St,40.735353,-74.00483,4885
Perry St & Bleecker St,40.735354,-74.004831,69
Perry St & Greenwich Ave,40.735918,-74.000939,3197
Pershing Square North,40.751873,-73.977706,8524
Pershing Square South,40.751581,-73.97791,3991
Picnic Point,40.685125,-74.025353,1522
Picnic Point,40.685126,-74.025353,208
Pier 40 - Hudson River Park,40.727714,-74.011296,287
Pier 40 - Hudson River Park,40.727714,-74.011295,8840
Pierrepont St & Monroe Pl,40.695356,-73.99344,1322
Pierrepont St & Monroe Pl,40.695357,-73.99344,9
Pike St & E Broadway,40.714066,-73.992939,2755
Pike St & E Broadway,40.714067,-73.992939,40
Pike St & Monroe St,40.711731,-73.99193,2947
Pinehurst Ave & W 187 St,40.855331,-73.937878,559
Pioneer St & Richards St,40.677774,-74.009461,308
Pioneer St & Richards St,40.677775,-74.009461,2
Pioneer St & Van Brunt St,40.679043,-74.011169,1086
Pitt St & Stanton St,40.71926,-73.98178,1111
Pitt St & Stanton St,40.719261,-73.98178,10
Plaza Dr & W 170 St,40.840484,-73.917946,474
Plaza St East & Flatbush Ave,40.673134,-73.969106,2792
Plaza St West & Flatbush Ave,40.67502,-73.971114,2485
Plaza St West & Flatbush Ave,40.675021,-73.971115,47
Pleasant Ave & E 116 St,40.794987,-73.933334,2810
Pleasant Ave & E 116 St,40.794988,-73.933335,19
Pleasant Ave & E 120 St,40.797477,-73.931185,4
Pleasant Ave & E 120 St,40.797477,-73.931184,1028
Popham Ave & W 174 St,40.847746,-73.922079,205
Powers St & Olive St,40.71323,-73.93894,866
President St & 4 Ave,40.676757,-73.983262,1004
President St & Henry St,40.6828,-73.999904,1007
Prospect Ave & E 151 St,40.814232,-73.903927,254
Prospect Ave & E 167 St,40.826303,-73.898751,265
Prospect Ave & Jennings St,40.831762,-73.896853,123
Prospect Ave & Longwood Ave,40.81899,-73.90202,184
Prospect Ave & Vanderbilt St,40.653368,-73.976291,353
Prospect Park SW & 10 Ave,40.659945,-73.977504,961
Prospect Park SW & 16 St,40.657265,-73.974165,853
Prospect Park SW & Greenwood Ave,40.652563,-73.972573,914
Prospect Park SW & Vanderbilt St,40.65482,-73.973217,677
Prospect Park W & 20 St,40.656633,-73.983864,535
Prospect Park West & 8 St,40.665146,-73.976376,2779
Prospect Park West & 8 St,40.665147,-73.976376,59
Prospect Pl & 6 Ave,40.67933,-73.975195,1359
Prospect Pl & 6 Ave,40.679331,-73.975195,10
Prospect Pl & Underhill Ave,40.676969,-73.96579,1621
Prototype Lab,40.75427472,-73.99644338,1
Prototype Lab,40.75453018,-73.99635993,2
Pulaski St & Marcus Garvey Blvd,40.693398,-73.939877,881
Putnam Ave & Knickerbocker Ave,40.69545,-73.91164,451
Putnam Ave & Nostrand Ave,40.68402,-73.94977,739
Putnam Ave & Throop Ave,40.685153,-73.94111,1574
Putnam Ave & Wyckoff Ave,40.69811,-73.90904,478
Queens Plaza North & Crescent St,40.751101,-73.940737,4742
Queens Plaza North & Crescent St,40.751102,-73.940737,67
Railroad Ave & Kay Ave,40.705311,-73.971,141
Railroad Ave & Kay Ave,40.705312,-73.971001,1
Reade St & Broadway,40.714504,-74.005627,2537
Reade St & Broadway,40.714505,-74.005628,56
Richards St & Delavan St,40.679432,-74.00785,297
Richards St & Delavan St,40.679433,-74.00785,7
Richardson St & N Henry St,40.719078,-73.942236,1221
Richardson St & N Henry St,40.719079,-73.942237,7
River Ave & E 151 St,40.822217,-73.928939,846
River Ave & E 153 St,40.82441,-73.92818,425
River Ave & McClellan St,40.83406,-73.92243,270
Riverside Blvd & W 67 St,40.777507,-73.988886,118
Riverside Blvd & W 67 St,40.777507,-73.988885,5961
Riverside Dr & W 104 St,40.801343,-73.971146,51
Riverside Dr & W 104 St,40.801343,-73.971145,3784
Riverside Dr & W 138 St,40.823168,-73.955857,1266
Riverside Dr & W 145 St,40.827305,-73.951989,1236
Riverside Dr & W 148 St,40.829114,-73.950426,775
Riverside Dr & W 153 St,40.832164,-73.949702,974
Riverside Dr & W 72 St,40.780577,-73.985624,4758
Riverside Dr & W 72 St,40.780578,-73.985624,70
Riverside Dr & W 78 St,40.784144,-73.983624,2451
Riverside Dr & W 78 St,40.784145,-73.983625,63
Riverside Dr & W 82 St,40.787208,-73.981281,3589
Riverside Dr & W 82 St,40.787209,-73.981281,51
Riverside Dr & W 91 St,40.793134,-73.977003,2872
Riverside Dr & W 91 St,40.793135,-73.977004,61
Rivington St & Chrystie St,40.7211,-73.991925,4018
Rivington St & Chrystie St,40.721101,-73.991925,44
Rivington St & Ridge St,40.718502,-73.983299,26
Rivington St & Ridge St,40.718502,-73.983298,4260
Rockaway Ave & Bainbridge St,40.683199,-73.911666,834
Rockaway Ave & Bainbridge St,40.6832,-73.911666,15
Roebling St & N 4 St,40.71469,-73.95739,2333
Rogers Ave & Sterling St,40.663061,-73.953874,1300
Rogers Ave & Sterling St,40.663062,-73.953875,9
Rogers Pl & E 165 St,40.823926,-73.897366,99
Roosevelt Island Tramway,40.757284,-73.9536,2489
S 3 St & Bedford Ave,40.712604,-73.962644,3977
S 3 St & Bedford Ave,40.712605,-73.962644,31
S 4 St & Rodney St,40.70934,-73.95608,2554
S 4 St & Wythe Ave,40.712858,-73.965902,6675
S 4 St & Wythe Ave,40.712859,-73.965903,85
S 5 Pl & S 5 St,40.710451,-73.960876,6331
S Portland Ave & Hanson Pl,40.685395,-73.974314,1645
S Portland Ave & Hanson Pl,40.685396,-73.974315,16
Sands St Gate,40.699569,-73.979827,1679
Schermerhorn St & Bond St,40.688417,-73.984517,16
Schermerhorn St & Bond St,40.688417,-73.984516,2820
Schermerhorn St & Court St,40.691029,-73.991834,11
Schermerhorn St & Court St,40.691029,-73.991833,1879
Scholes St & Manhattan Ave,40.708703,-73.944862,2693
Scholes St & Manhattan Ave,40.708704,-73.944863,28
Seaman Ave & Beak St,40.867505,-73.926363,467
Seaman Ave & Isham St,40.869898,-73.920763,537
Seaman Ave & Isham St,40.869899,-73.920763,14
Sedgwick Ave & W Burnside Ave,40.854947,-73.916661,131
Sedgwick Ave & W Tremont Ave,40.853157,-73.918214,213
Seneca Ave & Irvine St,40.818725,-73.888624,69
Shakespeare Ave & W 169 St,40.839312,-73.922423,265
Sharon St & Olive St,40.715353,-73.93856,1283
Sheridan Ave & E 168 St,40.835334,-73.9154,213
Sheridan Ave & E 172 St,40.840494,-73.911479,133
Sherman Ave & E 166 St,40.831305,-73.917448,1
Sherman Ave & E 166 St,40.831305,-73.917447,265
Sherman Ave & Thayer St,40.863124,-73.926994,436
Shore Blvd & Astoria Park,40.77977,-73.923162,727
Sigourney St & Columbia St,40.672672,-74.008795,714
Smith St & 3 St,40.678724,-73.995991,8
Smith St & 3 St,40.678724,-73.99599,1398
Smith St & 9 St,40.674695,-73.997857,1240
Smith St & 9 St,40.674696,-73.997858,18
Soissons Landing,40.692316,-74.014865,2149
Soissons Landing,40.692317,-74.014866,164
Somers St & Broadway,40.67945,-73.90474,126
South St & Gouverneur Ln,40.703553,-74.006702,3349
South St & Gouverneur Ln,40.703554,-74.006702,143
South St & Whitehall St,40.701221,-74.012342,3995
Southern Blvd & Avenue St. John,40.812769,-73.901583,211
Southern Blvd & E 142 St,40.807347,-73.908098,2
Southern Blvd & E 142 St,40.807347,-73.908097,74
Southern Blvd & E 149 St,40.811892,-73.904192,372
Southern Blvd & E 172 St,40.834124,-73.88955,108
Southern Blvd & E 174 St,40.836733,-73.887931,274
Southern Blvd & E 175 St,40.839335,-73.886445,302
Southern Blvd & Tiffany St,40.818185,-73.894143,151
Southpoint Park,40.753702,-73.958652,1016
Spring St & Hudson St,40.725839,-74.007653,3377
Spring St & Hudson St,40.72584,-74.007653,76
Spruce St & Gold St,40.710323,-74.004323,19
Spruce St & Gold St,40.710323,-74.004322,695
Spruce St & Nassau St,40.711463,-74.005524,2912
Spruce St & Nassau St,40.711464,-74.005524,96
St Ann's Ave & Westchester Ave,40.815887,-73.911918,195
St James Pl & Oliver St,40.713079,-73.998512,19
St James Pl & Oliver St,40.713079,-73.998511,2346
St James Pl & Pearl St,40.711174,-74.000165,1172
St Johns Pl & Washington Ave,40.673723,-73.963161,1911
St Johns Pl & Washington Ave,40.673724,-73.963161,12
St Marks Pl & 1 Ave,40.727791,-73.985649,5242
St Marks Pl & 2 Ave,40.728418,-73.987139,6175
St Marks Pl & 2 Ave,40.728419,-73.98714,61
St Marks Pl & 4 Ave,40.681778,-73.97989,7
St Marks Pl & 4 Ave,40.681778,-73.979889,851
St Mary's St & Jackson Ave,40.808891,-73.91081,280
St Nicholas Ave & Manhattan Ave,40.809725,-73.953149,2877
St Nicholas Ave & W 134 St,40.816234,-73.948222,1246
St Nicholas Ave & W 137 St,40.818477,-73.947568,863
St Nicholas Ave & W 150 St,40.827212,-73.942722,631
St. Ann's Av & Bruckner Blvd,40.803399,-73.919763,269
St. Ann's Ave & E 144 St,40.811112,-73.914932,265
St. Nicholas Ave & W 126 St,40.811432,-73.951878,21
St. Nicholas Ave & W 126 St,40.811432,-73.951877,2890
St. Nicholas Ave & W 155 St,40.830663,-73.941323,357
St. Nicholas Ave & W 157 St,40.832314,-73.94102,485
St. Nicholas Terrace & Convent Ave,40.821294,-73.947868,355
Stagg St & Morgan Ave,40.710681,-73.93372,574
Stagg St & Union Ave,40.70877,-73.950952,2951
Stagg St & Union Ave,40.708771,-73.950953,12
Stanhope St & Fairview Ave,40.70998,-73.91116,481
Stanton St & Chrystie St,40.722293,-73.991475,3506
Stanton St & Mangin St,40.717821,-73.976289,2445
Stanton St & Norfolk St,40.720747,-73.986274,5501
State St & Smith St,40.689269,-73.989129,6
State St & Smith St,40.689269,-73.989128,2158
Steinway St & 19 Ave,40.778089,-73.899558,123
Steinway St & 21 Ave,40.774798,-73.903787,372
Steinway St & 23 Ave,40.771393,-73.907743,368
Steinway St & 23 Ave,40.771394,-73.907744,6
Steinway St & 28 Ave,40.765625,-73.91367,6
Steinway St & 28 Ave,40.765625,-73.913669,990
Steinway St & Broadway,40.759057,-73.918975,1336
Steinway St & Broadway,40.759058,-73.918975,18
Steinway St & Ditmars Blvd,40.772717,-73.906127,292
Stephen St & Seneca Ave,40.6988,-73.9007,89
Sterling Pl & Bedford Ave,40.672695,-73.954131,1848
Sterling St & Bedford Ave,40.662705,-73.956911,1101
Sterling St & Bedford Ave,40.662706,-73.956912,14
Stewart Ave & Johnson Ave,40.70869,-73.92587,271
Stockholm St & Wilson Ave,40.699304,-73.923044,1070
Stuyvesant Walk & 1 Av Loop,40.7323398,-73.9789838,411
Stuyvesant Walk & 1 Av Loop,40.73234,-73.978984,7
Suffolk St & Stanton St,40.720664,-73.98518,24
Suffolk St & Stanton St,40.720664,-73.985179,4192
Sullivan Pl & Bedford Ave,40.66424,-73.957468,285
Sullivan Pl & Bedford Ave,40.664241,-73.957469,4
Sullivan Pl & Franklin Ave,40.664079,-73.960251,2174
Sullivan Pl & Franklin Ave,40.66408,-73.960251,54
Sullivan St & Washington Sq,40.730477,-73.999061,59
Sullivan St & Washington Sq,40.730477,-73.99906,4483
Sunken Meadow Comfort Station,40.79558,-73.91906,966
Suydam St & Broadway,40.69544,-73.93223,1252
Suydam St & Knickerbocker Ave,40.702013,-73.923769,1419
Suydam St & St. Nicholas Ave,40.70636,-73.91945,355
Thompson St & Bleecker St,40.7284,-73.999687,3878
Thompson St & Bleecker St,40.728401,-73.999688,57
Throop Ave & Myrtle Ave,40.696229,-73.94371,819
Tiebout Ave & E Fordham Road,40.861915,-73.894831,324
Tinton Ave & E 165 St,40.824796,-73.90242,311
Tompkins Ave & Hopkins St,40.699576,-73.947084,774
Townsend Ave & E 175 St,40.84741,-73.911359,160
Underhill Ave & Lincoln Pl,40.674012,-73.967146,13
Underhill Ave & Lincoln Pl,40.674012,-73.967145,1838
Underhill Ave & Pacific St,40.680483,-73.964679,1623
Underhill Ave & Pacific St,40.680484,-73.96468,17
Union Ave & E 169 St,40.82995,-73.898802,93
Union Ave & Jackson St,40.716075,-73.952029,1420
Union Ave & N 12 St,40.71924,-73.95242,3490
Union Ave & Wallabout St,40.700295,-73.950323,9
Union Ave & Wallabout St,40.700295,-73.950322,819
Union St & 4 Ave,40.677274,-73.98282,1520
Union St & Bedford Ave,40.669178,-73.955416,1021
Union St & Nevins St,40.679097,-73.987654,1074
Union St & Nevins St,40.679098,-73.987655,22
University Ave & Brandt Pl,40.848354,-73.918389,91
University Ave & W 168 St,40.838706,-73.927034,181
University Pl & E 14 St,40.734814,-73.992085,8797
University Pl & E 8 St,40.731437,-73.994903,6995
Valentine Ave & E 183 St,40.856987,-73.898237,48
Van Brunt St & Van Dyke St,40.675832,-74.014726,977
Van Brunt St & Van Dyke St,40.675833,-74.014726,24
Van Brunt St & Wolcott St,40.677342,-74.01275,1016
Van Brunt St & Wolcott St,40.677343,-74.012751,11
Van Buren St & Broadway,40.692,-73.92617,718
Van Sinderen Ave & Truxton St,40.6786,-73.90369,579
Vernon Blvd & 10 St,40.767186,-73.937355,1104
Vernon Blvd & 30 Rd,40.770845,-73.934171,1119
Vernon Blvd & 31 Ave,40.769247,-73.93545,890
Vernon Blvd & 31 Ave,40.769248,-73.93545,22
Vernon Blvd & 41 Rd,40.755243,-73.948568,23
Vernon Blvd & 41 Rd,40.755243,-73.948567,842
Vernon Blvd & 47 Rd,40.744906,-73.953457,1173
Vernon Blvd & 47 Rd,40.744907,-73.953457,24
Vernon Blvd & 50 Ave,40.742327,-73.954117,2135
Verona Pl & Fulton St,40.680356,-73.947679,1072
Vesey Pl & River Terrace,40.715337,-74.016583,5712
Vesey Pl & River Terrace,40.715338,-74.016584,130
W 10 St & Washington St,40.733423,-74.008514,2821
W 10 St & Washington St,40.733424,-74.008515,50
W 100 St & Broadway,40.797372,-73.970412,17
W 100 St & Broadway,40.797372,-73.970411,4264
W 100 St & Manhattan Ave,40.795,-73.9645,3397
W 104 St & Amsterdam Ave,40.799041,-73.966495,15
W 104 St & Amsterdam Ave,40.799041,-73.966494,2080
W 106 St & Amsterdam Ave,40.800836,-73.966449,2264
W 106 St & Central Park West,40.798185,-73.96059,3852
W 106 St & Central Park West,40.798186,-73.960591,106
W 107 St & Columbus Ave,40.799756,-73.962112,1364
W 107 St & Columbus Ave,40.799757,-73.962113,10
W 11 St & 6 Ave,40.735324,-73.998004,4190
W 110 St & Amsterdam Ave,40.802692,-73.96295,2818
W 113 St & Broadway,40.805973,-73.964928,2222
W 116 St & Amsterdam Ave,40.806758,-73.960708,1575
W 116 St & Broadway,40.8082,-73.9641,2094
W 120 St & Claremont Ave,40.810949,-73.9634,1306
W 129 St & Convent Ave,40.814394,-73.953247,599
W 13 St & 5 Ave,40.735445,-73.99431,4616
W 13 St & 7 Ave,40.737815,-73.999947,46
W 13 St & 7 Ave,40.737815,-73.999946,4605
W 133 St & 12 Ave,40.820003,-73.959089,887
W 135 St & Lenox Terrace Pl,40.813619,-73.939336,945
W 140 St & Riverside Dr,40.824013,-73.954743,283
W 144 St & Adam Clayton Powell Blvd,40.820877,-73.939249,752
W 145 St & Amsterdam Ave,40.825244,-73.947257,890
W 146 St & Broadway,40.826969,-73.949738,944
W 147 St & Adam Clayton Powell Blvd,40.82281,-73.937413,660
W 148 St & Amsterdam Ave,40.827075,-73.945909,645
W 15 St & 10 Ave,40.742753,-74.007473,2824
W 15 St & 10 Ave,40.742754,-74.007474,88
W 15 St & 6 Ave,40.738046,-73.99643,62
W 15 St & 6 Ave,40.738046,-73.996429,5795
W 15 St & 7 Ave,40.739355,-73.999318,59
W 15 St & 7 Ave,40.739355,-73.999317,5459
W 155 St & Frederick Douglass Blvd,40.82923,-73.936996,467
W 159 St & Edgecombe Ave,40.833303,-73.939326,178
W 16 St & The High Line,40.743349,-74.006818,95
W 16 St & The High Line,40.743349,-74.006817,4824
W 160 St & St. Nicholas Ave,40.834468,-73.939865,521
W 163 St & Edgecombe Ave,40.835798,-73.937496,269
W 163 St & Riverside Dr,40.839278,-73.945446,469
W 165 St & Fort Washington Ave,40.84004,-73.942939,689
W 169 St & Fort Washington Ave,40.842842,-73.942125,1629
W 17 St & 8 Ave,40.741776,-74.001497,3977
W 170 St & University Ave,40.84207,-73.926075,416
W 171 St & St. Nicholas Ave,40.842941,-73.938631,416
W 176 St & Montgomery Ave,40.849629,-73.919205,89
W 18 St & 6 Ave,40.739713,-73.994564,5977
W 18 St & 9 Ave,40.743533,-74.003675,1573
W 18 St & 9 Ave,40.743534,-74.003676,13
W 180 St & Ft Washington Ave,40.849972,-73.938423,725
W 181 St & Riverside Dr,40.85168,-73.94186,1233
W 186 St & St. Nicholas Ave,40.852253,-73.931308,291
W 190 St & Broadway,40.856487,-73.93297,6
W 190 St & Broadway,40.856487,-73.932969,302
W 190 St & St. Nicholas Ave,40.854788,-73.929513,331
W 20 St & 10 Ave,40.745686,-74.005141,5903
W 20 St & 7 Ave,40.742387,-73.997262,6249
W 20 St & 7 Ave,40.742388,-73.997262,61
W 20 St & 8 Ave,40.743453,-74.00004,5418
W 204 St & Nagle Ave,40.863211,-73.920827,263
W 204 St & Vermilyea Ave,40.866141,-73.922648,340
W 21 St & 6 Ave,40.741739,-73.994155,12287
W 21 St & 6 Ave,40.74174,-73.994156,117
W 212 St & 10 Ave,40.867658,-73.916757,147
W 218 St & Broadway,40.87139,-73.914318,219
W 218 St & Indian Rd,40.873054,-73.918371,257
W 218 St & Indian Rd,40.873055,-73.918372,14
W 22 St & 10 Ave,40.746919,-74.004518,8776
W 22 St & 10 Ave,40.74692,-74.004519,109
W 22 St & 8 Ave,40.744751,-73.999154,68
W 22 St & 8 Ave,40.744751,-73.999153,6386
W 24 St & 7 Ave,40.744876,-73.995299,62
W 24 St & 7 Ave,40.744876,-73.995298,7697
W 25 St & 6 Ave,40.743954,-73.991449,90
W 25 St & 6 Ave,40.743954,-73.991448,5674
W 26 St & 10 Ave,40.749717,-74.00295,4050
W 26 St & 10 Ave,40.749718,-74.00295,58
W 26 St & 8 Ave,40.747348,-73.997236,49
W 26 St & 8 Ave,40.747348,-73.997235,6222
W 27 St & 7 Ave,40.746647,-73.993915,6367
W 29 St & 9 Ave,40.750072,-73.998392,4021
W 29 St & 9 Ave,40.750073,-73.998393,49
W 30 St & 10 Ave,40.752694,-74.002353,7969
W 31 St & 7 Ave,40.749156,-73.9916,5941
W 33 St & 7 Ave,40.750199,-73.99093,6600
W 33 St & 7 Ave,40.7502,-73.990931,73
W 34 St & 11 Ave,40.755941,-74.002116,8247
W 34 St & 11 Ave,40.755942,-74.002116,246
W 35 St & 9 Ave,40.754145,-73.996089,27
W 35 St & 9 Ave,40.754145,-73.996088,2350
W 35 St & Dyer Ave,40.754691,-73.997401,2476
W 35 St & Dyer Ave,40.754692,-73.997402,46
W 36 St & 7 Ave,40.752149,-73.989539,2486
W 36 St & 9 Ave,40.754623,-73.995168,86
W 36 St & 9 Ave,40.754623,-73.995167,3990
W 37 St & 10 Ave,40.756603,-73.9979,5370
W 37 St & 10 Ave,40.756604,-73.997901,33
W 37 St & 5 Ave,40.75038,-73.98339,58
W 37 St & 5 Ave,40.75038,-73.983389,3547
W 4 St & 7 Ave S,40.734011,-74.002939,129
W 4 St & 7 Ave S,40.734011,-74.002938,7473
W 40 St & 5 Ave,40.752269,-73.982079,3544
W 41 St & 8 Ave,40.756405,-73.990026,7446
W 42 St & 6 Ave,40.75492,-73.98455,4979
W 42 St & 8 Ave,40.757569,-73.990985,4034
W 42 St & 8 Ave,40.75757,-73.990985,82
W 42 St & Dyer Ave,40.758984,-73.993799,3549
W 42 St & Dyer Ave,40.758985,-73.9938,34
W 43 St & 10 Ave,40.760094,-73.994618,7323
W 44 St & 11 Ave,40.762009,-73.996975,5324
W 44 St & 5 Ave,40.755002,-73.980144,3725
W 44 St & 5 Ave,40.755003,-73.980144,57
W 45 St & 8 Ave,40.759291,-73.988597,98
W 45 St & 8 Ave,40.759291,-73.988596,5433
W 46 St & 11 Ave,40.763413,-73.996674,3094
W 46 St & 11 Ave,40.763414,-73.996674,68
W 47 St & 10 Ave,40.762698,-73.993012,5419
W 47 St & 10 Ave,40.762699,-73.993012,34
W 47 St & 6 Ave,40.758397,-73.98255,2875
W 48 St & Rockefeller Plaza,40.757936,-73.979603,20
W 48 St & Rockefeller Plaza,40.757936,-73.979602,1959
W 49 St & 8 Ave,40.762272,-73.987882,7708
W 50 St & 10 Ave,40.764734,-73.991944,27
W 50 St & 10 Ave,40.764734,-73.991943,3206
W 50 St & 9 Ave,40.763604,-73.989179,3882
W 50 St & 9 Ave,40.763605,-73.98918,48
W 51 St & 6 Ave,40.760659,-73.98042,3214
W 51 St & 6 Ave,40.76066,-73.98042,51
W 51 St & Rockefeller Plaza,40.759699,-73.978081,2221
W 51 St & Rockefeller Plaza,40.7597,-73.978082,86
W 52 St & 11 Ave,40.767272,-73.993929,42
W 52 St & 11 Ave,40.767272,-73.993928,3560
W 52 St & 6 Ave,40.761329,-73.97982,2270
W 52 St & 6 Ave,40.76133,-73.97982,34
W 53 St & 10 Ave,40.766696,-73.990617,4241
W 53 St & 10 Ave,40.766697,-73.990617,32
W 54 St & 11 Ave,40.768333,-73.992573,4690
W 54 St & 9 Ave,40.765849,-73.986905,5084
W 55 St & 6 Ave,40.763189,-73.978434,5741
W 56 St & 10 Ave,40.768254,-73.988639,3083
W 59 St & 10 Ave,40.770513,-73.988038,6606
W 63 St & Broadway,40.771638,-73.982614,6557
W 63 St & Broadway,40.771639,-73.982614,91
W 64 St & Thelonious Monk Circle,40.775159,-73.989186,4390
W 64 St & Thelonious Monk Circle,40.77516,-73.989187,21
W 67 St & Broadway,40.774925,-73.982666,44
W 67 St & Broadway,40.774925,-73.982665,4202
W 70 St & Amsterdam Ave,40.77748,-73.982886,42
W 70 St & Amsterdam Ave,40.77748,-73.982885,5578
W 74 St & Columbus Ave,40.778566,-73.977549,2622
W 74 St & Columbus Ave,40.778567,-73.97755,18
W 76 St & Columbus Ave,40.780183,-73.977285,4264
W 76 St & Columbus Ave,40.780184,-73.977285,42
W 82 St & Central Park West,40.78275,-73.97137,4245
W 84 St & Broadway,40.786794,-73.977112,3585
W 84 St & Broadway,40.786795,-73.977112,37
W 84 St & Columbus Ave,40.784999,-73.972834,3773
W 84 St & Columbus Ave,40.785,-73.972834,33
W 87 St & Amsterdam Ave,40.78839,-73.9747,3004
W 87 St & West End Ave,40.789622,-73.97757,2929
W 89 St & Columbus Ave,40.788221,-73.970416,33
W 89 St & Columbus Ave,40.788221,-73.970415,4023
W 90 St & Amsterdam Ave,40.790179,-73.972889,2393
W 92 St & Broadway,40.7921,-73.9739,2293
W 95 St & Broadway,40.79377,-73.971888,3542
W Broadway & Spring St,40.724946,-74.001658,3860
W Broadway & Spring St,40.724947,-74.001659,77
W Broadway & W Houston St,40.726378,-74.000472,2682
W Burnside Ave & University Ave,40.853686,-73.912498,203
W Tremont Ave & Grand Ave,40.850036,-73.912785,70
W Tremont Ave & Montgomery Ave,40.851788,-73.916418,200
Wadsworth Ave & W 175 St,40.846052,-73.937648,512
Wadsworth Ave & W 179 St,40.848467,-73.936064,891
Wales Ave & E 147 St,40.811314,-73.907729,150
Wall St & South St,40.70437,-74.00637,3448
Walnut Ave & E 136 St,40.801657,-73.909513,132
Walton Ave & E 153 St,40.822351,-73.926907,218
Walton Ave & E 168 St,40.83649,-73.918316,272
Walton Ave & E 171 St,40.840683,-73.915073,258
Walton Ave & E 183 St,40.858472,-73.90266,294
Wards Meadow Comfort Station,40.78294,-73.93077,2110
Warren St & Court St,40.686371,-73.993833,1236
Warren St & Smith St,40.685424,-73.991278,12
Warren St & Smith St,40.685424,-73.991277,1253
Warren St & W Broadway,40.714739,-74.009106,2586
Warren St & W Broadway,40.71474,-74.009106,40
Washington Ave & E 163 St,40.824,-73.91089,488
Washington Ave & E 167 St,40.829896,-73.907618,225
Washington Ave & E 174 St,40.843079,-73.900216,134
Washington Ave & Greene Ave,40.6865,-73.965633,1626
Washington Ave & Greene Ave,40.686501,-73.965633,17
Washington Ave & Park Ave,40.696102,-73.96751,2034
Washington Park,40.691782,-73.97373,29
Washington Park,40.691782,-73.973729,2049
Washington Pl & 6 Ave,40.732241,-74.000264,68
Washington Pl & 6 Ave,40.732241,-74.000263,5000
Washington Pl & Broadway,40.729039,-73.994046,3675
Washington St & Barrow St,40.731911,-74.008769,2501
Washington St & Gansevoort St,40.739323,-74.008119,6837
Water - Whitehall Plaza,40.70255,-74.012723,579
Water - Whitehall Plaza,40.702551,-74.012723,6
Waterbury St & Stagg St,40.71019,-73.93734,901
Waterloo Pl & Crotona Park East,40.839194,-73.888587,171
Watts St & Greenwich St,40.724055,-74.00966,73
Watts St & Greenwich St,40.724055,-74.009659,3054
Webster Ave & E 166 St,40.828975,-73.911259,149
Webster Ave & Ford St,40.85556,-73.89615,108
Weeks Ave & E 175 St,40.846879,-73.907342,27
West Drive & Prospect Park West,40.661063,-73.979453,154
West Drive & Prospect Park West,40.661063,-73.979452,4791
West End Ave & W 107 St,40.802117,-73.968181,34
West End Ave & W 107 St,40.802117,-73.96818,2180
West End Ave & W 60 St,40.77237,-73.99005,6225
West End Ave & W 78 St,40.783786,-73.981687,2163
West End Ave & W 94 St,40.794165,-73.974124,2633
West Farms Rd & Boone Ave,40.830025,-73.886312,177
West St & Chambers St,40.717548,-74.013221,348
West St & Chambers St,40.717548,-74.01322,11875
West St & Liberty St,40.711444,-74.014847,9965
West Thames St,40.708346,-74.017134,4743
West Thames St,40.708347,-74.017134,87
Westchester Ave & E 156 St,40.817802,-73.905203,179
Westchester Ave & Jackson Ave,40.816124,-73.908116,403
Westchester Ave & Longwood Ave,40.819701,-73.901311,301
Westchester Ave & Southern Blvd,40.824956,-73.891677,466
White St & Johnson Ave,40.707174,-73.93581,193
White St & Moore St,40.704508,-73.9351,877
Wilkins Ave & Crotona Park E,40.835302,-73.895133,182
William St & Pine St,40.707179,-74.008873,3301
Willis Ave & Bruckner Blvd,40.805701,-73.925177,348
Willis Ave & E 137 St,40.808384,-73.923604,578
Willis Ave & E 141 St,40.81093,-73.921606,392
Willis Ave & E 143 St,40.812299,-73.92037,347
Willoughby Ave & Hall St,40.69196,-73.965369,13
Willoughby Ave & Hall St,40.69196,-73.965368,2047
Willoughby Ave & Myrtle Ave,40.69757,-73.93098,1334
Willoughby Ave & Onderdonk Ave,40.7098,-73.91727,293
Willoughby Ave & Tompkins Ave,40.694254,-73.946269,1281
Willoughby Ave & Walworth St,40.693317,-73.95382,3
Willoughby Ave & Walworth St,40.693317,-73.953819,1289
Willoughby Ave & Wyckoff Ave,40.705614,-73.92153,744
Willoughby St & Ashland Pl,40.69178,-73.97877,762
Willoughby St & Fleet St,40.691965,-73.981301,2257
Willoughby St & Fleet St,40.691966,-73.981302,10
Willow Ave & E 133 St,40.800933,-73.913863,261
Wilson Ave & Moffat St,40.68906,-73.90506,385
Wilson Ave & Troutman St,40.70166,-73.92754,893
Windsor Pl & 8 Ave,40.660906,-73.983074,558
Windsor Pl & Howard Pl,40.65949,-73.980139,636
Windsor Pl & Howard Pl,40.659491,-73.980139,2
Withers St & Kingsland Ave,40.71773,-73.94051,602
Wolcott St & Dwight St,40.675327,-74.01007,1
Wolcott St & Dwight St,40.675327,-74.010069,233
Woodward Ave & Harman St,40.70793,-73.91092,300
Wyckoff Av & Jefferson St,40.707165,-73.923711,886
Wyckoff Av & Stanhope St,40.703545,-73.917775,1254
Wyckoff Ave & Gates Ave,40.699871,-73.911719,8
Wyckoff Ave & Gates Ave,40.699871,-73.911718,939
Wyckoff St & Nevins St,40.683426,-73.984275,982
Wythe Ave & Metropolitan Ave,40.716887,-73.963198,5448
Yankee Ferry Terminal,40.687065,-74.016755,1782
Yankee Ferry Terminal,40.687066,-74.016756,285
